alphabetizing letter,full path to folder,original filename,song title,voicing,composer or arranger,file type,file create date,library type
C,C:\Users\ggivl\Documents\PythonDevelopment\FortyNinersDevelopment\49ersMusicLibrary\2011 Christmas,Christmas 2011.pdf,2011,UNKNOWN,UNKNOWN,PDF,2011-08-15,"Christmas,"
J,C:\Users\ggivl\Documents\PythonDevelopment\FortyNinersDevelopment\49ersMusicLibrary\2011 Christmas,JingleBellls_BC.pdf,B C,UNKNOWN,UNKNOWN,PDF,2014-10-27,"Christmas,"
V,C:\Users\ggivl\Documents\PythonDevelopment\FortyNinersDevelopment\49ersMusicLibrary\2011 Christmas,Veni.veni.pdf,veni,UNKNOWN,UNKNOWN,PDF,2011-07-23,"Christmas,"
T,C:\Users\ggivl\Documents\PythonDevelopment\FortyNinersDevelopment\49ersMusicLibrary\2011 Christmas,travellers.pdf,pdf,UNKNOWN,UNKNOWN,PDF,2011-07-25,"Christmas,"
B,C:\Users\ggivl\Documents\PythonDevelopment\FortyNinersDevelopment\49ersMusicLibrary\2012 Spring,Bandstand-SATB-2-9.pdf,pdf,SATB,UNKNOWN,PDF,2023-02-13,"Spring,"
[,C:\Users\ggivl\Documents\PythonDevelopment\FortyNinersDevelopment\49ersMusicLibrary\2012 Spring,[Free-scores.com]_traditional-amazing-grace-2984.pdf,com],UNKNOWN,pdf,PDF,2023-02-13,"Spring,"
A,C:\Users\ggivl\Documents\PythonDevelopment\FortyNinersDevelopment\49ersMusicLibrary\2014 Christmas\BassParts,A_Marshmellow_Word_Bass.pdf,Marshmellow,UNKNOWN,Bass,PDF,2023-02-13,"Christmas,"
B,C:\Users\ggivl\Documents\PythonDevelopment\FortyNinersDevelopment\49ersMusicLibrary\2014 Christmas\BassParts,Baby_Its_Cold_Outside_Bass.pdf,Its,UNKNOWN,Outside,PDF,2023-02-13,"Christmas,"
B,C:\Users\ggivl\Documents\PythonDevelopment\FortyNinersDevelopment\49ersMusicLibrary\2014 Christmas\BassParts,Blue_Christmas_Bass.pdf,Christmas,UNKNOWN,pdf,PDF,2023-02-13,"Christmas,"
C,C:\Users\ggivl\Documents\PythonDevelopment\FortyNinersDevelopment\49ersMusicLibrary\2014 Christmas\BassParts,Christmas_Dreams_Bass.pdf,Dreams,UNKNOWN,pdf,PDF,2023-02-13,"Christmas,"
G,C:\Users\ggivl\Documents\PythonDevelopment\FortyNinersDevelopment\49ersMusicLibrary\2014 Christmas\BassParts,God_Rest_You_Merry_Gentleman_Bass.pdf,Rest,UNKNOWN,Merry,PDF,2023-02-13,"Christmas,"
H,C:\Users\ggivl\Documents\PythonDevelopment\FortyNinersDevelopment\49ersMusicLibrary\2014 Christmas\BassParts,Hallelujah_Song_Bass.pdf,Song,UNKNOWN,pdf,PDF,2023-02-13,"Christmas,"
I,C:\Users\ggivl\Documents\PythonDevelopment\FortyNinersDevelopment\49ersMusicLibrary\2014 Christmas\BassParts,Its_the_Most_Wonderful_Time_of_the_Year_Bass.pdf,the,UNKNOWN,Wonderful,PDF,2023-02-13,"Christmas,"
J,C:\Users\ggivl\Documents\PythonDevelopment\FortyNinersDevelopment\49ersMusicLibrary\2014 Christmas\BassParts,Jingle_All_the_Way_Medley_Bass.pdf,All,UNKNOWN,Way,PDF,2023-02-13,"Christmas,"
T,C:\Users\ggivl\Documents\PythonDevelopment\FortyNinersDevelopment\49ersMusicLibrary\2014 Christmas\BassParts,The_Hands_That_First_Held_Marys_Child_Cello.pdf,Hands,UNKNOWN,First,PDF,2023-02-13,"Christmas,"
W,C:\Users\ggivl\Documents\PythonDevelopment\FortyNinersDevelopment\49ersMusicLibrary\2014 Christmas\BassParts,Were_You_There_on_That_Christmas_Night_Bass.pdf,You,UNKNOWN,on,PDF,2023-02-13,"Christmas,"
Y,C:\Users\ggivl\Documents\PythonDevelopment\FortyNinersDevelopment\49ersMusicLibrary\2014 Christmas\BassParts,Yule_Be_Swingin_Bass.pdf,Be,UNKNOWN,Bass,PDF,2023-02-13,"Christmas,"
T,C:\Users\ggivl\Documents\PythonDevelopment\FortyNinersDevelopment\49ersMusicLibrary\2014 Spring,The_Battle_Of_New_Orleans.pdf,Battle,UNKNOWN,New,PDF,2023-02-13,"Spring,"
T,C:\Users\ggivl\Documents\PythonDevelopment\FortyNinersDevelopment\49ersMusicLibrary\2014 Spring,The_Battle_Of_New_Orleans_regular.pdf,Battle,UNKNOWN,New,PDF,2023-02-13,"Spring,"
T,C:\Users\ggivl\Documents\PythonDevelopment\FortyNinersDevelopment\49ersMusicLibrary\2014 Spring,The_Presidents.pdf,Presidents,UNKNOWN,UNKNOWN,PDF,2023-02-13,"Spring,"
W,C:\Users\ggivl\Documents\PythonDevelopment\FortyNinersDevelopment\49ersMusicLibrary\2014 Spring,We_Didnt_Start_The_Fire.pdf,Didnt,UNKNOWN,The,PDF,2023-02-13,"Spring,"
C,C:\Users\ggivl\Documents\PythonDevelopment\FortyNinersDevelopment\49ersMusicLibrary\2015 Christmas,ChristmasCartoonMedley.pdf,pdf,UNKNOWN,UNKNOWN,PDF,2023-02-13,"Christmas,"
A,C:\Users\ggivl\Documents\PythonDevelopment\FortyNinersDevelopment\49ersMusicLibrary\2015 Christmas\Scores,AFamilyChristmasSpectacular - Electric Bass.pdf,-,UNKNOWN,Bass,PDF,2023-02-13,"Christmas,"
A,C:\Users\ggivl\Documents\PythonDevelopment\FortyNinersDevelopment\49ersMusicLibrary\2015 Christmas\Scores,AHollyJollyChristmas_Bass - Electric Bass.pdf,Bass,UNKNOWN,Electric,PDF,2023-02-13,"Christmas,"
A,C:\Users\ggivl\Documents\PythonDevelopment\FortyNinersDevelopment\49ersMusicLibrary\2015 Christmas\Scores,AveMariaBruckner.pdf,pdf,UNKNOWN,UNKNOWN,PDF,2023-02-13,"Christmas,"
F,C:\Users\ggivl\Documents\PythonDevelopment\FortyNinersDevelopment\49ersMusicLibrary\2015 Christmas\Scores,Fruitcake_Full_Bass - Electric Bass.pdf,Full,UNKNOWN,-,PDF,2023-02-13,"Christmas,"
H,C:\Users\ggivl\Documents\PythonDevelopment\FortyNinersDevelopment\49ersMusicLibrary\2015 Christmas\Scores,HeatMiser.pdf,pdf,UNKNOWN,UNKNOWN,PDF,2023-02-13,"Christmas,"
H,C:\Users\ggivl\Documents\PythonDevelopment\FortyNinersDevelopment\49ersMusicLibrary\2015 Christmas\Scores,HeatMiser_Bass - Electric Bass.pdf,Bass,UNKNOWN,Electric,PDF,2023-02-13,"Christmas,"
I,C:\Users\ggivl\Documents\PythonDevelopment\FortyNinersDevelopment\49ersMusicLibrary\2015 Christmas\Scores,ItFeelsLikeChristmas.pdf,pdf,UNKNOWN,UNKNOWN,PDF,2023-02-13,"Christmas,"
I,C:\Users\ggivl\Documents\PythonDevelopment\FortyNinersDevelopment\49ersMusicLibrary\2015 Christmas\Scores,ItFeelsLikeChristmas_Bass - Electric Bass.pdf,Bass,UNKNOWN,Electric,PDF,2023-02-13,"Christmas,"
J,C:\Users\ggivl\Documents\PythonDevelopment\FortyNinersDevelopment\49ersMusicLibrary\2015 Christmas\Scores,Jingle_Bells_F_Major.pdf,Bells,UNKNOWN,Major,PDF,2023-02-13,"Christmas,"
J,C:\Users\ggivl\Documents\PythonDevelopment\FortyNinersDevelopment\49ersMusicLibrary\2015 Christmas\Scores,Joy to the World.pdf,to,UNKNOWN,World,PDF,2023-02-13,"Christmas,"
J,C:\Users\ggivl\Documents\PythonDevelopment\FortyNinersDevelopment\49ersMusicLibrary\2015 Christmas\Scores,JoyToTheWorld_w_GoTellIt - Electric Bass.pdf,w,UNKNOWN,-,PDF,2023-02-13,"Christmas,"
P,C:\Users\ggivl\Documents\PythonDevelopment\FortyNinersDevelopment\49ersMusicLibrary\2015 Christmas\Scores,PutOneFootInFrontOfTheOther.pdf,pdf,UNKNOWN,UNKNOWN,PDF,2023-02-13,"Christmas,"
P,C:\Users\ggivl\Documents\PythonDevelopment\FortyNinersDevelopment\49ersMusicLibrary\2015 Christmas\Scores,PutOneFootInFrontOfTheOther_w_cuts.pdf,w,UNKNOWN,pdf,PDF,2023-02-13,"Christmas,"
P,C:\Users\ggivl\Documents\PythonDevelopment\FortyNinersDevelopment\49ersMusicLibrary\2015 Christmas\Scores,PutOneFootInFrontOfTheOther_w_cuts_Bass - Electric Bass.pdf,w,UNKNOWN,Bass,PDF,2023-02-13,"Christmas,"
S,C:\Users\ggivl\Documents\PythonDevelopment\FortyNinersDevelopment\49ersMusicLibrary\2015 Christmas\Scores,Silent Night.pdf,Night,UNKNOWN,UNKNOWN,PDF,2023-02-13,"Christmas,"
T,C:\Users\ggivl\Documents\PythonDevelopment\FortyNinersDevelopment\49ersMusicLibrary\2015 Christmas\Scores,TheMostWonderfulDayOfTheYearMod.pdf,pdf,UNKNOWN,UNKNOWN,PDF,2023-02-13,"Christmas,"
T,C:\Users\ggivl\Documents\PythonDevelopment\FortyNinersDevelopment\49ersMusicLibrary\2015 Christmas\Scores,TheMostWonderfulDayOfTheYear_Bass - Electric Bass.pdf,Bass,UNKNOWN,Electric,PDF,2023-02-13,"Christmas,"
V,C:\Users\ggivl\Documents\PythonDevelopment\FortyNinersDevelopment\49ersMusicLibrary\2015 Christmas\Scores,VariousThemesOnFaLaLa_Bass.pdf,Bass,UNKNOWN,UNKNOWN,PDF,2023-02-13,"Christmas,"
W,C:\Users\ggivl\Documents\PythonDevelopment\FortyNinersDevelopment\49ersMusicLibrary\2015 Christmas\Scores,WhereAreYouChristmas_Bass.pdf,Bass,UNKNOWN,UNKNOWN,PDF,2023-02-13,"Christmas,"
R,C:\Users\ggivl\Documents\PythonDevelopment\FortyNinersDevelopment\49ersMusicLibrary\2015 Christmas\Scores,rudolph.pdf,pdf,UNKNOWN,UNKNOWN,PDF,2023-02-13,"Christmas,"
D,C:\Users\ggivl\Documents\PythonDevelopment\FortyNinersDevelopment\49ersMusicLibrary\2016 Christmas,Divisi for The Christmas Waltz.pdf,for,UNKNOWN,Christmas,PDF,2023-02-13,"Christmas,"
A,C:\Users\ggivl\Documents\PythonDevelopment\FortyNinersDevelopment\49ersMusicLibrary\2016 Christmas\EPrint,A Holly Jolly Christmas Gilpin.pdf,Holly,UNKNOWN,Christmas,PDF,2023-02-13,"Christmas,"
H,C:\Users\ggivl\Documents\PythonDevelopment\FortyNinersDevelopment\49ersMusicLibrary\2016 Christmas\EPrint,Here We Come A-Caroling Wagner.pdf,We,UNKNOWN,A-Caroling,PDF,2023-02-13,"Christmas,"
I,C:\Users\ggivl\Documents\PythonDevelopment\FortyNinersDevelopment\49ersMusicLibrary\2016 Christmas\EPrint,In Summer Billingsley.pdf,Summer,UNKNOWN,pdf,PDF,2023-02-13,"Christmas,"
T,C:\Users\ggivl\Documents\PythonDevelopment\FortyNinersDevelopment\49ersMusicLibrary\2016 Christmas\EPrint,The Christmas Waltz Hayes.pdf,Christmas,UNKNOWN,Hayes,PDF,2023-02-13,"Christmas,"
T,C:\Users\ggivl\Documents\PythonDevelopment\FortyNinersDevelopment\49ersMusicLibrary\2016 Christmas\EPrint,The Twelve Days Of A Regifted Christmas Gilpin.pdf,Twelve,UNKNOWN,Of,PDF,2023-02-13,"Christmas,"
U,C:\Users\ggivl\Documents\PythonDevelopment\FortyNinersDevelopment\49ersMusicLibrary\2016 Christmas\EPrint,Underneath The Tree Lojeski.pdf,The,UNKNOWN,Lojeski,PDF,2023-02-13,"Christmas,"
Y,C:\Users\ggivl\Documents\PythonDevelopment\FortyNinersDevelopment\49ersMusicLibrary\2016 Christmas\NotPrinted,Yule Be Rockin'.pdf,Be,UNKNOWN,pdf,PDF,2023-02-13,"Christmas,"
A,C:\Users\ggivl\Documents\PythonDevelopment\FortyNinersDevelopment\49ersMusicLibrary\2016 Christmas\PDFs,A Holly Jolly Christmas Gilpin.pdf,Holly,UNKNOWN,Christmas,PDF,2016-07-30,"Christmas,"
A,C:\Users\ggivl\Documents\PythonDevelopment\FortyNinersDevelopment\49ersMusicLibrary\2016 Christmas\PDFs,A Holly Jolly Christmas.pdf,Holly,UNKNOWN,Christmas,PDF,2016-08-11,"Christmas,"
A,C:\Users\ggivl\Documents\PythonDevelopment\FortyNinersDevelopment\49ersMusicLibrary\2016 Christmas\PDFs,A Merry Christmas Wish.pdf,Merry,UNKNOWN,Wish,PDF,2016-08-11,"Christmas,"
B,C:\Users\ggivl\Documents\PythonDevelopment\FortyNinersDevelopment\49ersMusicLibrary\2016 Christmas\PDFs,Breath of Heaven.pdf,of,UNKNOWN,pdf,PDF,2016-07-30,"Christmas,"
D,C:\Users\ggivl\Documents\PythonDevelopment\FortyNinersDevelopment\49ersMusicLibrary\2016 Christmas\PDFs,Decorations_New.pdf,New,UNKNOWN,UNKNOWN,PDF,2016-08-26,"Christmas,"
D,C:\Users\ggivl\Documents\PythonDevelopment\FortyNinersDevelopment\49ersMusicLibrary\2016 Christmas\PDFs,Do You Hear What I Hear..pdf,You,UNKNOWN,What,PDF,2016-08-26,"Christmas,"
F,C:\Users\ggivl\Documents\PythonDevelopment\FortyNinersDevelopment\49ersMusicLibrary\2016 Christmas\PDFs,Frosty the Snow Man.pdf,the,UNKNOWN,Man,PDF,2016-07-30,"Christmas,"
F,C:\Users\ggivl\Documents\PythonDevelopment\FortyNinersDevelopment\49ersMusicLibrary\2016 Christmas\PDFs,Fruitcake.pdf,pdf,UNKNOWN,UNKNOWN,PDF,2016-07-30,"Christmas,"
G,C:\Users\ggivl\Documents\PythonDevelopment\FortyNinersDevelopment\49ersMusicLibrary\2016 Christmas\PDFs,Gettin in the Mood for Christmas Huff.pdf,in,UNKNOWN,Mood,PDF,2016-07-30,"Christmas,"
G,C:\Users\ggivl\Documents\PythonDevelopment\FortyNinersDevelopment\49ersMusicLibrary\2016 Christmas\PDFs,Gettin in the Mood for Christmas.pdf,in,UNKNOWN,Mood,PDF,2016-08-26,"Christmas,"
H,C:\Users\ggivl\Documents\PythonDevelopment\FortyNinersDevelopment\49ersMusicLibrary\2016 Christmas\PDFs,Here We Come A-Caroling - A Celebration of British Carols.pdf,We,UNKNOWN,A-Caroling,PDF,2016-08-11,"Christmas,"
H,C:\Users\ggivl\Documents\PythonDevelopment\FortyNinersDevelopment\49ersMusicLibrary\2016 Christmas\PDFs,Here We Come A-Caroling Wagner.pdf,We,UNKNOWN,A-Caroling,PDF,2016-07-30,"Christmas,"
I,C:\Users\ggivl\Documents\PythonDevelopment\FortyNinersDevelopment\49ersMusicLibrary\2016 Christmas\PDFs,In Summer Billingsley.pdf,Summer,UNKNOWN,pdf,PDF,2016-07-30,"Christmas,"
I,C:\Users\ggivl\Documents\PythonDevelopment\FortyNinersDevelopment\49ersMusicLibrary\2016 Christmas\PDFs,In Summer.pdf,Summer,UNKNOWN,UNKNOWN,PDF,2016-08-11,"Christmas,"
J,C:\Users\ggivl\Documents\PythonDevelopment\FortyNinersDevelopment\49ersMusicLibrary\2016 Christmas\PDFs,Jesus Oh What a Wonderful Child.pdf,Oh,UNKNOWN,a,PDF,2016-07-30,"Christmas,"
L,C:\Users\ggivl\Documents\PythonDevelopment\FortyNinersDevelopment\49ersMusicLibrary\2016 Christmas\PDFs,Let It Snow Let It Snow Let It Snow.pdf,It,UNKNOWN,Let,PDF,2016-08-11,"Christmas,"
L,C:\Users\ggivl\Documents\PythonDevelopment\FortyNinersDevelopment\49ersMusicLibrary\2016 Christmas\PDFs,Lo How a Rose - The Rose.pdf,How,UNKNOWN,Rose,PDF,2016-08-11,"Christmas,"
L,C:\Users\ggivl\Documents\PythonDevelopment\FortyNinersDevelopment\49ersMusicLibrary\2016 Christmas\PDFs,Lux Aurumque Whitacre.pdf,Aurumque,UNKNOWN,pdf,PDF,2016-08-10,"Christmas,"
R,C:\Users\ggivl\Documents\PythonDevelopment\FortyNinersDevelopment\49ersMusicLibrary\2016 Christmas\PDFs,Rudolph the Red Nosed Reindeer.pdf,the,UNKNOWN,Nosed,PDF,2016-08-25,"Christmas,"
T,C:\Users\ggivl\Documents\PythonDevelopment\FortyNinersDevelopment\49ersMusicLibrary\2016 Christmas\PDFs,The Christmas Waltz Hayes.pdf,Christmas,UNKNOWN,Hayes,PDF,2016-07-30,"Christmas,"
T,C:\Users\ggivl\Documents\PythonDevelopment\FortyNinersDevelopment\49ersMusicLibrary\2016 Christmas\PDFs,The Christmas Waltz.pdf,Christmas,UNKNOWN,pdf,PDF,2016-08-11,"Christmas,"
T,C:\Users\ggivl\Documents\PythonDevelopment\FortyNinersDevelopment\49ersMusicLibrary\2016 Christmas\PDFs,The Jesus Gift.pdf,Jesus,UNKNOWN,pdf,PDF,2016-07-30,"Christmas,"
T,C:\Users\ggivl\Documents\PythonDevelopment\FortyNinersDevelopment\49ersMusicLibrary\2016 Christmas\PDFs,The Marvelous Toy_Two_Part.pdf,Marvelous,UNKNOWN,Two,PDF,2016-08-01,"Christmas,"
T,C:\Users\ggivl\Documents\PythonDevelopment\FortyNinersDevelopment\49ersMusicLibrary\2016 Christmas\PDFs,The Twelve Days Of A Regifted Christmas Gilpin.pdf,Twelve,UNKNOWN,Of,PDF,2016-07-30,"Christmas,"
T,C:\Users\ggivl\Documents\PythonDevelopment\FortyNinersDevelopment\49ersMusicLibrary\2016 Christmas\PDFs,The Twelve Days of a Regifted Christmas.pdf,Twelve,UNKNOWN,of,PDF,2016-08-11,"Christmas,"
T,C:\Users\ggivl\Documents\PythonDevelopment\FortyNinersDevelopment\49ersMusicLibrary\2016 Christmas\PDFs,TheMarvelousToy_Givler.pdf,Givler,UNKNOWN,UNKNOWN,PDF,2016-08-13,"Christmas,"
T,C:\Users\ggivl\Documents\PythonDevelopment\FortyNinersDevelopment\49ersMusicLibrary\2016 Christmas\PDFs,Twas the Night Before Christmas.pdf,the,UNKNOWN,Before,PDF,2016-07-30,"Christmas,"
U,C:\Users\ggivl\Documents\PythonDevelopment\FortyNinersDevelopment\49ersMusicLibrary\2016 Christmas\PDFs,Underneath The Tree Lojeski.pdf,The,UNKNOWN,Lojeski,PDF,2016-07-30,"Christmas,"
U,C:\Users\ggivl\Documents\PythonDevelopment\FortyNinersDevelopment\49ersMusicLibrary\2016 Christmas\PDFs,Underneath the Tree.pdf,the,UNKNOWN,pdf,PDF,2016-08-11,"Christmas,"
Y,C:\Users\ggivl\Documents\PythonDevelopment\FortyNinersDevelopment\49ersMusicLibrary\2016 Christmas\PDFs,Yule Be Rockin'.pdf,Be,UNKNOWN,pdf,PDF,2016-07-30,"Christmas,"
A,C:\Users\ggivl\Documents\PythonDevelopment\FortyNinersDevelopment\49ersMusicLibrary\2016 Christmas\Parts_PDFs,AMerryChristmasWish-Bass.pdf,pdf,UNKNOWN,UNKNOWN,PDF,2023-02-13,"Christmas,"
B,C:\Users\ggivl\Documents\PythonDevelopment\FortyNinersDevelopment\49ersMusicLibrary\2016 Christmas\Parts_PDFs,BreathOfHeaven-Bass.pdf,pdf,UNKNOWN,UNKNOWN,PDF,2023-02-13,"Christmas,"
D,C:\Users\ggivl\Documents\PythonDevelopment\FortyNinersDevelopment\49ersMusicLibrary\2016 Christmas\Parts_PDFs,Decorations-Bass.pdf,pdf,UNKNOWN,UNKNOWN,PDF,2023-02-13,"Christmas,"
F,C:\Users\ggivl\Documents\PythonDevelopment\FortyNinersDevelopment\49ersMusicLibrary\2016 Christmas\Parts_PDFs,FrostyTheSnowman-Bass.pdf,pdf,UNKNOWN,UNKNOWN,PDF,2023-02-13,"Christmas,"
F,C:\Users\ggivl\Documents\PythonDevelopment\FortyNinersDevelopment\49ersMusicLibrary\2016 Christmas\Parts_PDFs,Fruitcake_Full_Bass - Electric Bass.pdf,Full,UNKNOWN,-,PDF,2023-02-13,"Christmas,"
G,C:\Users\ggivl\Documents\PythonDevelopment\FortyNinersDevelopment\49ersMusicLibrary\2016 Christmas\Parts_PDFs,GettinInTheMoodForChristmasBass.pdf,pdf,UNKNOWN,UNKNOWN,PDF,2023-02-13,"Christmas,"
G,C:\Users\ggivl\Documents\PythonDevelopment\FortyNinersDevelopment\49ersMusicLibrary\2016 Christmas\Parts_PDFs,GettinInTheMoodForChristmasDrums.pdf,pdf,UNKNOWN,UNKNOWN,PDF,2023-02-13,"Christmas,"
H,C:\Users\ggivl\Documents\PythonDevelopment\FortyNinersDevelopment\49ersMusicLibrary\2016 Christmas\Parts_PDFs,HereWeComeA-Caroling-Bass.pdf,pdf,UNKNOWN,UNKNOWN,PDF,2023-02-13,"Christmas,"
H,C:\Users\ggivl\Documents\PythonDevelopment\FortyNinersDevelopment\49ersMusicLibrary\2016 Christmas\Parts_PDFs,HollyJollyBass.pdf,pdf,UNKNOWN,UNKNOWN,PDF,2023-02-13,"Christmas,"
H,C:\Users\ggivl\Documents\PythonDevelopment\FortyNinersDevelopment\49ersMusicLibrary\2016 Christmas\Parts_PDFs,HollyJollyDrums.pdf,pdf,UNKNOWN,UNKNOWN,PDF,2023-02-13,"Christmas,"
I,C:\Users\ggivl\Documents\PythonDevelopment\FortyNinersDevelopment\49ersMusicLibrary\2016 Christmas\Parts_PDFs,InSummer-Bass.pdf,pdf,UNKNOWN,UNKNOWN,PDF,2023-02-13,"Christmas,"
L,C:\Users\ggivl\Documents\PythonDevelopment\FortyNinersDevelopment\49ersMusicLibrary\2016 Christmas\Parts_PDFs,LetItSnow-Bass.pdf,pdf,UNKNOWN,UNKNOWN,PDF,2023-02-13,"Christmas,"
T,C:\Users\ggivl\Documents\PythonDevelopment\FortyNinersDevelopment\49ersMusicLibrary\2016 Christmas\Parts_PDFs,TheChristmasWaltzBassDrums.pdf,pdf,UNKNOWN,UNKNOWN,PDF,2023-02-13,"Christmas,"
T,C:\Users\ggivl\Documents\PythonDevelopment\FortyNinersDevelopment\49ersMusicLibrary\2016 Christmas\Parts_PDFs,TwelveDaysOfARegiftedChristmas.pdf,pdf,UNKNOWN,UNKNOWN,PDF,2023-02-13,"Christmas,"
U,C:\Users\ggivl\Documents\PythonDevelopment\FortyNinersDevelopment\49ersMusicLibrary\2016 Christmas\Parts_PDFs,UnderneathTheTreeBass.pdf,pdf,UNKNOWN,UNKNOWN,PDF,2023-02-13,"Christmas,"
U,C:\Users\ggivl\Documents\PythonDevelopment\FortyNinersDevelopment\49ersMusicLibrary\2016 Christmas\Parts_PDFs,UnderneathTheTreeDrums.pdf,pdf,UNKNOWN,UNKNOWN,PDF,2023-02-13,"Christmas,"
Y,C:\Users\ggivl\Documents\PythonDevelopment\FortyNinersDevelopment\49ersMusicLibrary\2016 Christmas\Parts_PDFs,YuleBeRockin-Bass.pdf,pdf,UNKNOWN,UNKNOWN,PDF,2023-02-13,"Christmas,"
A,C:\Users\ggivl\Documents\PythonDevelopment\FortyNinersDevelopment\49ersMusicLibrary\2016 Christmas\Printed,A Holly Jolly Christmas.pdf,Holly,UNKNOWN,Christmas,PDF,2023-02-13,"Christmas,"
A,C:\Users\ggivl\Documents\PythonDevelopment\FortyNinersDevelopment\49ersMusicLibrary\2016 Christmas\Printed,A Merry Christmas Wish.pdf,Merry,UNKNOWN,Wish,PDF,2023-02-13,"Christmas,"
B,C:\Users\ggivl\Documents\PythonDevelopment\FortyNinersDevelopment\49ersMusicLibrary\2016 Christmas\Printed,Breath of Heaven.pdf,of,UNKNOWN,pdf,PDF,2023-02-13,"Christmas,"
D,C:\Users\ggivl\Documents\PythonDevelopment\FortyNinersDevelopment\49ersMusicLibrary\2016 Christmas\Printed,Decorations_New.pdf,New,UNKNOWN,UNKNOWN,PDF,2023-02-13,"Christmas,"
F,C:\Users\ggivl\Documents\PythonDevelopment\FortyNinersDevelopment\49ersMusicLibrary\2016 Christmas\Printed,Frosty the Snow Man.pdf,the,UNKNOWN,Man,PDF,2023-02-13,"Christmas,"
F,C:\Users\ggivl\Documents\PythonDevelopment\FortyNinersDevelopment\49ersMusicLibrary\2016 Christmas\Printed,Fruitcake.pdf,pdf,UNKNOWN,UNKNOWN,PDF,2023-02-13,"Christmas,"
G,C:\Users\ggivl\Documents\PythonDevelopment\FortyNinersDevelopment\49ersMusicLibrary\2016 Christmas\Printed,Gettin in the Mood for Christmas Huff.pdf,in,UNKNOWN,Mood,PDF,2023-02-13,"Christmas,"
H,C:\Users\ggivl\Documents\PythonDevelopment\FortyNinersDevelopment\49ersMusicLibrary\2016 Christmas\Printed,Here We Come A-Caroling - A Celebration of British Carols.pdf,We,UNKNOWN,A-Caroling,PDF,2023-02-13,"Christmas,"
I,C:\Users\ggivl\Documents\PythonDevelopment\FortyNinersDevelopment\49ersMusicLibrary\2016 Christmas\Printed,In Summer.pdf,Summer,UNKNOWN,UNKNOWN,PDF,2023-02-13,"Christmas,"
J,C:\Users\ggivl\Documents\PythonDevelopment\FortyNinersDevelopment\49ersMusicLibrary\2016 Christmas\Printed,Jesus Oh What a Wonderful Child.pdf,Oh,UNKNOWN,a,PDF,2023-02-13,"Christmas,"
L,C:\Users\ggivl\Documents\PythonDevelopment\FortyNinersDevelopment\49ersMusicLibrary\2016 Christmas\Printed,Let It Snow Let It Snow Let It Snow.pdf,It,UNKNOWN,Let,PDF,2023-02-13,"Christmas,"
L,C:\Users\ggivl\Documents\PythonDevelopment\FortyNinersDevelopment\49ersMusicLibrary\2016 Christmas\Printed,Lo How a Rose - The Rose.pdf,How,UNKNOWN,Rose,PDF,2023-02-13,"Christmas,"
L,C:\Users\ggivl\Documents\PythonDevelopment\FortyNinersDevelopment\49ersMusicLibrary\2016 Christmas\Printed,Lux Aurumque Whitacre.pdf,Aurumque,UNKNOWN,pdf,PDF,2023-02-13,"Christmas,"
T,C:\Users\ggivl\Documents\PythonDevelopment\FortyNinersDevelopment\49ersMusicLibrary\2016 Christmas\Printed,The Christmas Waltz.pdf,Christmas,UNKNOWN,pdf,PDF,2023-02-13,"Christmas,"
T,C:\Users\ggivl\Documents\PythonDevelopment\FortyNinersDevelopment\49ersMusicLibrary\2016 Christmas\Printed,The Jesus Gift.pdf,Jesus,UNKNOWN,pdf,PDF,2023-02-13,"Christmas,"
T,C:\Users\ggivl\Documents\PythonDevelopment\FortyNinersDevelopment\49ersMusicLibrary\2016 Christmas\Printed,The Marvelous Toy_Two_Part.pdf,Marvelous,UNKNOWN,Two,PDF,2023-02-13,"Christmas,"
T,C:\Users\ggivl\Documents\PythonDevelopment\FortyNinersDevelopment\49ersMusicLibrary\2016 Christmas\Printed,TheMarvelousToy_Givler.pdf,Givler,UNKNOWN,UNKNOWN,PDF,2023-02-13,"Christmas,"
T,C:\Users\ggivl\Documents\PythonDevelopment\FortyNinersDevelopment\49ersMusicLibrary\2016 Christmas\Printed,Twas the Night Before Christmas.pdf,the,UNKNOWN,Before,PDF,2023-02-13,"Christmas,"
U,C:\Users\ggivl\Documents\PythonDevelopment\FortyNinersDevelopment\49ersMusicLibrary\2016 Christmas\Printed,Underneath the Tree.pdf,the,UNKNOWN,pdf,PDF,2023-02-13,"Christmas,"
L,C:\Users\ggivl\Documents\PythonDevelopment\FortyNinersDevelopment\49ersMusicLibrary\2016 Christmas\Scores,LuxAurumqueImg.pdf,pdf,UNKNOWN,UNKNOWN,PDF,2023-02-13,"Christmas,"
O,C:\Users\ggivl\Documents\PythonDevelopment\FortyNinersDevelopment\49ersMusicLibrary\2016 Christmas\Scores,OHolyNight_Solo_Bb.pdf,Solo,UNKNOWN,pdf,PDF,2023-02-13,"Christmas,"
R,C:\Users\ggivl\Documents\PythonDevelopment\FortyNinersDevelopment\49ersMusicLibrary\2016 Spring,165042971-Runaround-Sue.pdf,pdf,UNKNOWN,UNKNOWN,PDF,2023-02-13,"Spring,"
H,C:\Users\ggivl\Documents\PythonDevelopment\FortyNinersDevelopment\49ersMusicLibrary\2016 Spring,HeTouchedMe.pdf,pdf,UNKNOWN,UNKNOWN,PDF,2023-02-13,"Spring,"
H,C:\Users\ggivl\Documents\PythonDevelopment\FortyNinersDevelopment\49ersMusicLibrary\2016 Spring,HowGreatThouArt.pdf,pdf,UNKNOWN,UNKNOWN,PDF,2023-02-13,"Spring,"
R,C:\Users\ggivl\Documents\PythonDevelopment\FortyNinersDevelopment\49ersMusicLibrary\2016 Spring\Scores,RunaroundSue.pdf,pdf,UNKNOWN,UNKNOWN,PDF,2023-02-13,"Spring,"
S,C:\Users\ggivl\Documents\PythonDevelopment\FortyNinersDevelopment\49ersMusicLibrary\2016 Spring\Scores,SchoolDays.pdf,pdf,UNKNOWN,UNKNOWN,PDF,2023-02-13,"Spring,"
W,C:\Users\ggivl\Documents\PythonDevelopment\FortyNinersDevelopment\49ersMusicLibrary\2016 Spring\Scores,WhatAWonderfulWorld_Cooke.pdf,Cooke,UNKNOWN,UNKNOWN,PDF,2023-02-13,"Spring,"
E,C:\Users\ggivl\Documents\PythonDevelopment\FortyNinersDevelopment\49ersMusicLibrary\2017 Christmas,49ers 2017 Christmas Music - 2017 Fall Schedule - Revised 20170826.pdf,2017,UNKNOWN,Music,PDF,2023-02-13,"Christmas,"
E,C:\Users\ggivl\Documents\PythonDevelopment\FortyNinersDevelopment\49ersMusicLibrary\2017 Christmas,49ers 2017 Christmas Music - 2017 Fall Schedule.pdf,2017,UNKNOWN,Music,PDF,2023-02-13,"Christmas,"
O,C:\Users\ggivl\Documents\PythonDevelopment\FortyNinersDevelopment\49ersMusicLibrary\2017 Christmas,OHolyNight_Solo_Adam.pdf,Solo,UNKNOWN,pdf,PDF,2023-02-13,"Christmas,"
A,C:\Users\ggivl\Documents\PythonDevelopment\FortyNinersDevelopment\49ersMusicLibrary\2017 Christmas\PDFs\1stHalfChoral,Angels In Seven SATB Kern.pdf,In,SATB,SATB,PDF,2025-06-09,"Christmas,"
B,C:\Users\ggivl\Documents\PythonDevelopment\FortyNinersDevelopment\49ersMusicLibrary\2017 Christmas\PDFs\1stHalfChoral,Boars Head Carol SATB Givler.pdf,Head,SATB,SATB,PDF,2025-06-09,"Christmas,"
I,C:\Users\ggivl\Documents\PythonDevelopment\FortyNinersDevelopment\49ersMusicLibrary\2017 Christmas\PDFs\1stHalfChoral,InTheBleakMidwinter_SATB_Accomp_Givler.pdf,S A T B,SATB,Givler,PDF,2025-06-09,"Christmas,"
I,C:\Users\ggivl\Documents\PythonDevelopment\FortyNinersDevelopment\49ersMusicLibrary\2017 Christmas\PDFs\1stHalfChoral,InTheBleakMidwinter_SATB_a_cappella_Givler.pdf,S A T B,SATB,cappella,PDF,2025-06-09,"Christmas,"
L,C:\Users\ggivl\Documents\PythonDevelopment\FortyNinersDevelopment\49ersMusicLibrary\2017 Christmas\PDFs\1stHalfChoral,LoveCameDownAtChristmase_SATB_Givler.pdf,S A T B,SATB,pdf,PDF,2025-06-09,"Christmas,"
S,C:\Users\ggivl\Documents\PythonDevelopment\FortyNinersDevelopment\49ersMusicLibrary\2017 Christmas\PDFs\1stHalfChoral,Silver Bells SATB Robison.pdf,Bells,SATB,Robison,PDF,2025-06-09,"Christmas,"
S,C:\Users\ggivl\Documents\PythonDevelopment\FortyNinersDevelopment\49ersMusicLibrary\2017 Christmas\PDFs\1stHalfChoral,Swing Down Angels SATB Nix.pdf,Down,SATB,SATB,PDF,2025-06-09,"Christmas,"
T,C:\Users\ggivl\Documents\PythonDevelopment\FortyNinersDevelopment\49ersMusicLibrary\2017 Christmas\PDFs\1stHalfChoral,The Twelve Days of a Regifted Christmas.pdf,Twelve,UNKNOWN,of,PDF,2025-06-09,"Christmas,"
T,C:\Users\ggivl\Documents\PythonDevelopment\FortyNinersDevelopment\49ersMusicLibrary\2017 Christmas\PDFs\1stHalfChoral,Theres Still My Joy SATB Emerson.pdf,Still,SATB,Joy,PDF,2025-06-09,"Christmas,"
T,C:\Users\ggivl\Documents\PythonDevelopment\FortyNinersDevelopment\49ersMusicLibrary\2017 Christmas\PDFs\1stHalfChoral,Twelve Carols Of Christmas SATB Weston.pdf,Carols,SATB,Christmas,PDF,2025-06-09,"Christmas,"
T,C:\Users\ggivl\Documents\PythonDevelopment\FortyNinersDevelopment\49ersMusicLibrary\2017 Christmas\PDFs\1stHalfChoral,TwelveDaysInTwentySeconds_SAATTBB_Moore.pdf,S A A T T B B,SA,pdf,PDF,2025-06-09,"Christmas,"
Y,C:\Users\ggivl\Documents\PythonDevelopment\FortyNinersDevelopment\49ersMusicLibrary\2017 Christmas\PDFs\1stHalfChoral,Yes Virginia SATB Beck.pdf,Virginia,SATB,Beck,PDF,2025-06-09,"Christmas,"
B,C:\Users\ggivl\Documents\PythonDevelopment\FortyNinersDevelopment\49ersMusicLibrary\2017 Christmas\PDFs\2ndHalfChoral,Baby Its Cold Outside Shaw SATB.pdf,Its,SATB,Outside,PDF,2023-02-13,"Christmas,"
B,C:\Users\ggivl\Documents\PythonDevelopment\FortyNinersDevelopment\49ersMusicLibrary\2017 Christmas\PDFs\2ndHalfChoral,Boogie Woogie Holiday 3-Part Mixed Gilpin.pdf,Woogie,UNKNOWN,3-Part,PDF,2023-02-13,"Christmas,"
F,C:\Users\ggivl\Documents\PythonDevelopment\FortyNinersDevelopment\49ersMusicLibrary\2017 Christmas\PDFs\2ndHalfChoral,FruitcakeAndAllThatJazz_SSATB_Truncated.pdf,S S A T B,SATB,pdf,PDF,2023-02-13,"Christmas,"
H,C:\Users\ggivl\Documents\PythonDevelopment\FortyNinersDevelopment\49ersMusicLibrary\2017 Christmas\PDFs\2ndHalfChoral,Have Yourself a Merry Little Christmas SATB Emerson.pdf,Yourself,SATB,Merry,PDF,2023-02-13,"Christmas,"
H,C:\Users\ggivl\Documents\PythonDevelopment\FortyNinersDevelopment\49ersMusicLibrary\2017 Christmas\PDFs\2ndHalfChoral,Hotta Chocolatta SATB Shaw.pdf,Chocolatta,SATB,Shaw,PDF,2023-02-13,"Christmas,"
I,C:\Users\ggivl\Documents\PythonDevelopment\FortyNinersDevelopment\49ersMusicLibrary\2017 Christmas\PDFs\2ndHalfChoral,I Love the Winter Weather SATB Huff.pdf,Love,SATB,Winter,PDF,2023-02-13,"Christmas,"
S,C:\Users\ggivl\Documents\PythonDevelopment\FortyNinersDevelopment\49ersMusicLibrary\2017 Christmas\PDFs\2ndHalfChoral,Swingin at Santas Place SATB Shaw.pdf,at,SATB,Place,PDF,2023-02-13,"Christmas,"
T,C:\Users\ggivl\Documents\PythonDevelopment\FortyNinersDevelopment\49ersMusicLibrary\2017 Christmas\PDFs\2ndHalfChoral,The Christmas Song SATB Hayes.pdf,Christmas,SATB,SATB,PDF,2023-02-13,"Christmas,"
T,C:\Users\ggivl\Documents\PythonDevelopment\FortyNinersDevelopment\49ersMusicLibrary\2017 Christmas\PDFs\2ndHalfChoral,The Man with the Bag SATB Emerson.pdf,Man,SATB,the,PDF,2023-02-13,"Christmas,"
W,C:\Users\ggivl\Documents\PythonDevelopment\FortyNinersDevelopment\49ersMusicLibrary\2017 Christmas\PDFs\2ndHalfChoral,WFRN1049_SATB_Givler.pdf,S A T B,SATB,pdf,PDF,2023-02-13,"Christmas,"
W,C:\Users\ggivl\Documents\PythonDevelopment\FortyNinersDevelopment\49ersMusicLibrary\2017 Christmas\PDFs\2ndHalfChoral,We Three Kings SATB Beck.pdf,Three,SATB,SATB,PDF,2023-02-13,"Christmas,"
Z,C:\Users\ggivl\Documents\PythonDevelopment\FortyNinersDevelopment\49ersMusicLibrary\2017 Christmas\PDFs\2ndHalfChoral,Zat You Santa Claus SATB Shaw.pdf,You,SATB,Claus,PDF,2023-02-13,"Christmas,"
B,C:\Users\ggivl\Documents\PythonDevelopment\FortyNinersDevelopment\49ersMusicLibrary\2017 Christmas\PDFs,BoarsHead.pdf,pdf,UNKNOWN,UNKNOWN,PDF,2023-02-13,"Christmas,"
I,C:\Users\ggivl\Documents\PythonDevelopment\FortyNinersDevelopment\49ersMusicLibrary\2017 Christmas\PDFs,IMSLP132203-WIMA.2032-Palestrina_Adoramus_te.pdf,2032- Palestrina,UNKNOWN,te,PDF,2023-02-13,"Christmas,"
B,C:\Users\ggivl\Documents\PythonDevelopment\FortyNinersDevelopment\49ersMusicLibrary\2017 Christmas\PDFs\InstrumentalParts,BabyItsColdOutside_Bass_Shaw.pdf,Bass,UNKNOWN,pdf,PDF,2023-02-13,"Christmas,"
B,C:\Users\ggivl\Documents\PythonDevelopment\FortyNinersDevelopment\49ersMusicLibrary\2017 Christmas\PDFs\InstrumentalParts,BoogieWoogieHoliday_Electric_Bass_Gilpin.pdf,Electric,UNKNOWN,Gilpin,PDF,2023-02-13,"Christmas,"
F,C:\Users\ggivl\Documents\PythonDevelopment\FortyNinersDevelopment\49ersMusicLibrary\2017 Christmas\PDFs\InstrumentalParts,FruitcakeAndAllThatJass_Electric_Bass_Givler.pdf,Electric,UNKNOWN,Givler,PDF,2023-02-13,"Christmas,"
H,C:\Users\ggivl\Documents\PythonDevelopment\FortyNinersDevelopment\49ersMusicLibrary\2017 Christmas\PDFs\InstrumentalParts,HaveYourselfAMerryLittleChristmas_Bass_Emerson.pdf,Bass,UNKNOWN,pdf,PDF,2023-02-13,"Christmas,"
H,C:\Users\ggivl\Documents\PythonDevelopment\FortyNinersDevelopment\49ersMusicLibrary\2017 Christmas\PDFs\InstrumentalParts,HaveYourselfAMerryLittleChristmas_Drums_Emerson.pdf,Drums,UNKNOWN,pdf,PDF,2023-02-13,"Christmas,"
H,C:\Users\ggivl\Documents\PythonDevelopment\FortyNinersDevelopment\49ersMusicLibrary\2017 Christmas\PDFs\InstrumentalParts,HottaChocolatta_Bass_Shaw.pdf,Bass,UNKNOWN,pdf,PDF,2023-02-13,"Christmas,"
H,C:\Users\ggivl\Documents\PythonDevelopment\FortyNinersDevelopment\49ersMusicLibrary\2017 Christmas\PDFs\InstrumentalParts,HottaChocolatta_Drums_Shaw.pdf,Drums,UNKNOWN,pdf,PDF,2023-02-13,"Christmas,"
I,C:\Users\ggivl\Documents\PythonDevelopment\FortyNinersDevelopment\49ersMusicLibrary\2017 Christmas\PDFs\InstrumentalParts,ILoveTheWinterWeather_Bass_Huff.pdf,Bass,UNKNOWN,pdf,PDF,2023-02-13,"Christmas,"
I,C:\Users\ggivl\Documents\PythonDevelopment\FortyNinersDevelopment\49ersMusicLibrary\2017 Christmas\PDFs\InstrumentalParts,ILoveTheWinterWeather_Drums_Huff.pdf,Drums,UNKNOWN,pdf,PDF,2023-02-13,"Christmas,"
S,C:\Users\ggivl\Documents\PythonDevelopment\FortyNinersDevelopment\49ersMusicLibrary\2017 Christmas\PDFs\InstrumentalParts,SilverBells_Bass_Robison.pdf,Bass,UNKNOWN,pdf,PDF,2023-02-13,"Christmas,"
S,C:\Users\ggivl\Documents\PythonDevelopment\FortyNinersDevelopment\49ersMusicLibrary\2017 Christmas\PDFs\InstrumentalParts,SilverBells_Drums_Robison.pdf,Drums,UNKNOWN,pdf,PDF,2023-02-13,"Christmas,"
S,C:\Users\ggivl\Documents\PythonDevelopment\FortyNinersDevelopment\49ersMusicLibrary\2017 Christmas\PDFs\InstrumentalParts,Swing Down Angels Electric Bass Nix.pdf,Down,UNKNOWN,Electric,PDF,2023-02-13,"Christmas,"
T,C:\Users\ggivl\Documents\PythonDevelopment\FortyNinersDevelopment\49ersMusicLibrary\2017 Christmas\PDFs\InstrumentalParts,TheChristmasSong_Bass_Drums_Hayes.pdf,Bass,UNKNOWN,Hayes,PDF,2023-02-13,"Christmas,"
T,C:\Users\ggivl\Documents\PythonDevelopment\FortyNinersDevelopment\49ersMusicLibrary\2017 Christmas\PDFs\InstrumentalParts,TheManWithTheBag.pdf,pdf,UNKNOWN,UNKNOWN,PDF,2023-02-13,"Christmas,"
T,C:\Users\ggivl\Documents\PythonDevelopment\FortyNinersDevelopment\49ersMusicLibrary\2017 Christmas\PDFs\InstrumentalParts,TheresStillMyJoy_Bass_Emerson.pdf,Bass,UNKNOWN,pdf,PDF,2023-02-13,"Christmas,"
T,C:\Users\ggivl\Documents\PythonDevelopment\FortyNinersDevelopment\49ersMusicLibrary\2017 Christmas\PDFs\InstrumentalParts,TwelveCarolsOfChristmas_Electric_Bass_Weston.pdf,Electric,UNKNOWN,Weston,PDF,2023-02-13,"Christmas,"
T,C:\Users\ggivl\Documents\PythonDevelopment\FortyNinersDevelopment\49ersMusicLibrary\2017 Christmas\PDFs\InstrumentalParts,TwelveDaysOfARegiftedChristmas.pdf,pdf,UNKNOWN,UNKNOWN,PDF,2023-02-13,"Christmas,"
W,C:\Users\ggivl\Documents\PythonDevelopment\FortyNinersDevelopment\49ersMusicLibrary\2017 Christmas\PDFs\InstrumentalParts,WeThreeKings_Bass_Beck.pdf,Bass,UNKNOWN,pdf,PDF,2023-02-13,"Christmas,"
W,C:\Users\ggivl\Documents\PythonDevelopment\FortyNinersDevelopment\49ersMusicLibrary\2017 Christmas\PDFs\InstrumentalParts,WeThreeKings_Drums_Beck.pdf,Drums,UNKNOWN,pdf,PDF,2023-02-13,"Christmas,"
Y,C:\Users\ggivl\Documents\PythonDevelopment\FortyNinersDevelopment\49ersMusicLibrary\2017 Christmas\PDFs\InstrumentalParts,YesVirginia_Electric_Bass_Beck - Electric Bass.pdf,Electric,UNKNOWN,Beck,PDF,2023-02-13,"Christmas,"
Z,C:\Users\ggivl\Documents\PythonDevelopment\FortyNinersDevelopment\49ersMusicLibrary\2017 Christmas\PDFs\InstrumentalParts,ZatYouSantaClaus_Bass_Shaw.pdf,Bass,SA,pdf,PDF,2023-02-13,"Christmas,"
Z,C:\Users\ggivl\Documents\PythonDevelopment\FortyNinersDevelopment\49ersMusicLibrary\2017 Christmas\PDFs\InstrumentalParts,ZatYouSantaClaus_Drums_Shaw.pdf,Drums,SA,pdf,PDF,2023-02-13,"Christmas,"
S,C:\Users\ggivl\Documents\PythonDevelopment\FortyNinersDevelopment\49ersMusicLibrary\2017 Christmas\PDFs,Swing Down Angels SATB Electric Bass Nix.pdf,Down,SATB,SATB,PDF,2023-02-13,"Christmas,"
I,C:\Users\ggivl\Documents\PythonDevelopment\FortyNinersDevelopment\49ersMusicLibrary\2017 Christmas\PDFs\WithLukensBand,IrvingBerlinsChristmas_SATB_Brymer.pdf,S A T B,SATB,pdf,PDF,2023-02-13,"Christmas,"
M,C:\Users\ggivl\Documents\PythonDevelopment\FortyNinersDevelopment\49ersMusicLibrary\2017 Christmas\PDFs\WithLukensBand,MerryChristmasEveryone_SATB_Rieneke_LukensBand.pdf,S A T B,SATB,LukensBand,PDF,2023-02-13,"Christmas,"
I,C:\Users\ggivl\Documents\PythonDevelopment\FortyNinersDevelopment\49ersMusicLibrary\2017 Christmas\Scans,InTheBleackMidwinter_SATB_a_cappella_Scan.pdf,S A T B,SATB,cappella,PDF,2023-02-13,"Christmas,"
T,C:\Users\ggivl\Documents\PythonDevelopment\FortyNinersDevelopment\49ersMusicLibrary\2017 Christmas,TheChristmasSong_Solo_C_Torme.pdf,Solo,UNKNOWN,Torme,PDF,2023-02-13,"Christmas,"
W,C:\Users\ggivl\Documents\PythonDevelopment\FortyNinersDevelopment\49ersMusicLibrary\2017 Christmas,WereYouThereOnThatChristmasNight_SA_Sleeth.pdf,S A,SA,pdf,PDF,2023-02-13,"Christmas,"
A,C:\Users\ggivl\Documents\PythonDevelopment\FortyNinersDevelopment\49ersMusicLibrary\2017 Repertoire,AmericanTears_Scan.pdf,Scan,UNKNOWN,UNKNOWN,PDF,2023-02-13,"Repertoire,"
A,C:\Users\ggivl\Documents\PythonDevelopment\FortyNinersDevelopment\49ersMusicLibrary\2017 Repertoire\PDFs,AmericanTears_SATB_Jennings_Givler.pdf,S A T B,SATB,Givler,PDF,2023-02-13,"Repertoire,"
B,C:\Users\ggivl\Documents\PythonDevelopment\FortyNinersDevelopment\49ersMusicLibrary\2017 Repertoire\PDFs,Blades Of Grass and Pure White Stones SATB Christopher.pdf,Of,SATB,and,PDF,2023-02-13,"Repertoire,"
I,C:\Users\ggivl\Documents\PythonDevelopment\FortyNinersDevelopment\49ersMusicLibrary\2017 Repertoire\PDFs,IfMyPeople_SATB.pdf,S A T B,SATB,UNKNOWN,PDF,2023-02-13,"Repertoire,"
L,C:\Users\ggivl\Documents\PythonDevelopment\FortyNinersDevelopment\49ersMusicLibrary\2017 Repertoire\PDFs,Let There Be Peace On Earth SATB Hayes.pdf,There,SATB,Peace,PDF,2023-02-13,"Repertoire,"
T,C:\Users\ggivl\Documents\PythonDevelopment\FortyNinersDevelopment\49ersMusicLibrary\2017 Spring\PDFs,127966844-Taylor-the-Latte-Boy-A-Response.pdf,pdf,UNKNOWN,UNKNOWN,PDF,2023-02-13,"Spring,"
M,C:\Users\ggivl\Documents\PythonDevelopment\FortyNinersDevelopment\49ersMusicLibrary\2017 Spring\PDFs,249126263-Mantyjarvi-Jaakko-Double-Double-Toil-and-Trouble.pdf,pdf,UNKNOWN,UNKNOWN,PDF,2023-02-13,"Spring,"
T,C:\Users\ggivl\Documents\PythonDevelopment\FortyNinersDevelopment\49ersMusicLibrary\2017 Spring\PDFs,92167495-Taylor-the-Latte-Boy-Sheet-Music-1.pdf,pdf,UNKNOWN,UNKNOWN,PDF,2023-02-13,"Spring,"
M,C:\Users\ggivl\Documents\PythonDevelopment\FortyNinersDevelopment\49ersMusicLibrary\2017 Spring\PDFs,My-Favorite-Things-Sheet-Music.pdf,pdf,UNKNOWN,UNKNOWN,PDF,2023-02-13,"Spring,"
P,C:\Users\ggivl\Documents\PythonDevelopment\FortyNinersDevelopment\49ersMusicLibrary\2017 Spring\PDFs,Pottle - Jabberwocky (SATB perc pno) - with markings.pdf,-,SATB,(SATB,PDF,2023-02-13,"Spring,"
A,C:\Users\ggivl\Documents\PythonDevelopment\FortyNinersDevelopment\49ersMusicLibrary\2017 Spring\PDFs\PrintedMusic\Repertoire,AmericaTheBeautiful_SATB_Althouse.pdf,S A T B,SATB,pdf,PDF,2023-02-13,"Spring,"
B,C:\Users\ggivl\Documents\PythonDevelopment\FortyNinersDevelopment\49ersMusicLibrary\2017 Spring\PDFs\PrintedMusic\Repertoire,BeThouMyVision_SATB_Sorenson.pdf,S A T B,SATB,pdf,PDF,2023-02-13,"Spring,"
E,C:\Users\ggivl\Documents\PythonDevelopment\FortyNinersDevelopment\49ersMusicLibrary\2017 Spring\PDFs\PrintedMusic\Repertoire,EvenWhenHeIsSilent_SATB_div_Arnesen.pdf,S A T B,SATB,Arnesen,PDF,2023-02-13,"Spring,"
F,C:\Users\ggivl\Documents\PythonDevelopment\FortyNinersDevelopment\49ersMusicLibrary\2017 Spring\PDFs\PrintedMusic\Repertoire,FiftyNiftyUnitedStates_SATB_Charles.pdf,S A T B,SATB,pdf,PDF,2023-02-13,"Spring,"
G,C:\Users\ggivl\Documents\PythonDevelopment\FortyNinersDevelopment\49ersMusicLibrary\2017 Spring\PDFs\PrintedMusic\Repertoire,GodBlessAmerica_SATB_Boutelle.pdf,S A T B,SATB,pdf,PDF,2023-02-13,"Spring,"
G,C:\Users\ggivl\Documents\PythonDevelopment\FortyNinersDevelopment\49ersMusicLibrary\2017 Spring\PDFs\PrintedMusic\Repertoire,GodBlessTheUSA_SATB_Schmidt.pdf,S A T B,SATB,pdf,PDF,2023-02-13,"Spring,"
H,C:\Users\ggivl\Documents\PythonDevelopment\FortyNinersDevelopment\49ersMusicLibrary\2017 Spring\PDFs\PrintedMusic\Repertoire,Hallelujah_SATB_Cohen_Emerson.pdf,S A T B,SATB,Emerson,PDF,2023-02-13,"Spring,"
L,C:\Users\ggivl\Documents\PythonDevelopment\FortyNinersDevelopment\49ersMusicLibrary\2017 Spring\PDFs\PrintedMusic\Repertoire,LetThereBePeaceOnEarth_SATB_Ades.pdf,S A T B,SATB,pdf,PDF,2023-02-13,"Spring,"
O,C:\Users\ggivl\Documents\PythonDevelopment\FortyNinersDevelopment\49ersMusicLibrary\2017 Spring\PDFs\PrintedMusic\Repertoire,OverTheRainbow_SATB_Chinn.pdf,S A T B,SATB,pdf,PDF,2023-02-13,"Spring,"
S,C:\Users\ggivl\Documents\PythonDevelopment\FortyNinersDevelopment\49ersMusicLibrary\2017 Spring\PDFs\PrintedMusic\Repertoire,Shenandoah_SATB_Althouse.pdf,S A T B,SATB,pdf,PDF,2023-02-13,"Spring,"
T,C:\Users\ggivl\Documents\PythonDevelopment\FortyNinersDevelopment\49ersMusicLibrary\2017 Spring\PDFs\PrintedMusic\Repertoire,TheArgument_SATB_Nesta.pdf,S A T B,SATB,pdf,PDF,2023-02-13,"Spring,"
T,C:\Users\ggivl\Documents\PythonDevelopment\FortyNinersDevelopment\49ersMusicLibrary\2017 Spring\PDFs\PrintedMusic\Repertoire,TheCreation_SATB_Richter.pdf,S A T B,SATB,pdf,PDF,2023-02-13,"Spring,"
T,C:\Users\ggivl\Documents\PythonDevelopment\FortyNinersDevelopment\49ersMusicLibrary\2017 Spring\PDFs\PrintedMusic\Repertoire,TheErieCanal_SATB_Hayes.pdf,S A T B,SATB,pdf,PDF,2023-02-13,"Spring,"
W,C:\Users\ggivl\Documents\PythonDevelopment\FortyNinersDevelopment\49ersMusicLibrary\2017 Spring\PDFs\PrintedMusic\Repertoire,WadeInTheWater_SATB_Hayes.pdf,S A T B,SATB,pdf,PDF,2023-02-13,"Spring,"
Y,C:\Users\ggivl\Documents\PythonDevelopment\FortyNinersDevelopment\49ersMusicLibrary\2017 Spring\PDFs\PrintedMusic\Repertoire,YoullNeverWalkAlone-w-ClimbEveryMountain_SATB_Hayes.pdf,S A T B,SATB,pdf,PDF,2023-02-13,"Spring,"
B,C:\Users\ggivl\Documents\PythonDevelopment\FortyNinersDevelopment\49ersMusicLibrary\2017 Spring\PDFs\PrintedMusic\ShowMusic,BabyMine_SATB_Givler.pdf,S A T B,SATB,pdf,PDF,2023-02-13,"Spring,"
B,C:\Users\ggivl\Documents\PythonDevelopment\FortyNinersDevelopment\49ersMusicLibrary\2017 Spring\PDFs\PrintedMusic\ShowMusic,BeOurGuest_SATB_w_alt_lyrics_Emerson_Givler.pdf,S A T B,SATB,alt,PDF,2023-02-13,"Spring,"
C,C:\Users\ggivl\Documents\PythonDevelopment\FortyNinersDevelopment\49ersMusicLibrary\2017 Spring\PDFs\PrintedMusic\ShowMusic,CircleOfLife_SATB_Christopher.pdf,S A T B,SATB,pdf,PDF,2023-02-13,"Spring,"
D,C:\Users\ggivl\Documents\PythonDevelopment\FortyNinersDevelopment\49ersMusicLibrary\2017 Spring\PDFs\PrintedMusic\ShowMusic,DisneySpectacular_Final.pdf,Final,UNKNOWN,UNKNOWN,PDF,2023-02-13,"Spring,"
I,C:\Users\ggivl\Documents\PythonDevelopment\FortyNinersDevelopment\49ersMusicLibrary\2017 Spring\PDFs\PrintedMusic\ShowMusic,IJustCantWaitToBeKing_SAB_Gallina.pdf,S A B,SAB,pdf,PDF,2023-02-13,"Spring,"
I,C:\Users\ggivl\Documents\PythonDevelopment\FortyNinersDevelopment\49ersMusicLibrary\2017 Spring\PDFs\PrintedMusic\ShowMusic,ItsASmallWorld_SATB_Brymer.pdf,S A T B,SATB,pdf,PDF,2023-02-13,"Spring,"
P,C:\Users\ggivl\Documents\PythonDevelopment\FortyNinersDevelopment\49ersMusicLibrary\2017 Spring\PDFs\PrintedMusic\ShowMusic,PartOfYourWorld_SA_Eilers.pdf,S A,SA,pdf,PDF,2023-02-13,"Spring,"
T,C:\Users\ggivl\Documents\PythonDevelopment\FortyNinersDevelopment\49ersMusicLibrary\2017 Spring\PDFs\PrintedMusic\ShowMusic,TheTikiTikiTikiRoom_SATB_Givler.pdf,S A T B,SATB,pdf,PDF,2023-02-13,"Spring,"
W,C:\Users\ggivl\Documents\PythonDevelopment\FortyNinersDevelopment\49ersMusicLibrary\2017 Spring\PDFs\PrintedMusic\ShowMusic,WhenYouWishUponAStar_SATB_Ringwald.pdf,S A T B,SATB,pdf,PDF,2023-02-13,"Spring,"
Y,C:\Users\ggivl\Documents\PythonDevelopment\FortyNinersDevelopment\49ersMusicLibrary\2017 Spring\PDFs\PrintedMusic\ShowMusic,YOHOAPiratesLifeForMe_SATB_Givler.pdf,S A T B,SATB,pdf,PDF,2023-02-13,"Spring,"
A,C:\Users\ggivl\Documents\PythonDevelopment\FortyNinersDevelopment\49ersMusicLibrary\2017 Spring\PDFs\Repertoire,AinaThatGoodNews_SATB_Dawson_1937.pdf,S A T B,SATB,1937,PDF,2023-02-13,"Spring,"
B,C:\Users\ggivl\Documents\PythonDevelopment\FortyNinersDevelopment\49ersMusicLibrary\2017 Spring\PDFs\Repertoire,BeOurGuest_REP_SATB_Emerson.pdf,R E P,SATB,Emerson,PDF,2023-02-13,"Spring,"
B,C:\Users\ggivl\Documents\PythonDevelopment\FortyNinersDevelopment\49ersMusicLibrary\2017 Spring\PDFs\Repertoire,Bouree_Swingle.pdf,Swingle,UNKNOWN,UNKNOWN,PDF,2023-02-13,"Spring,"
H,C:\Users\ggivl\Documents\PythonDevelopment\FortyNinersDevelopment\49ersMusicLibrary\2017 Spring\PDFs\Repertoire,How Great Thou Art.pdf,Great,UNKNOWN,Art,PDF,2023-02-13,"Spring,"
S,C:\Users\ggivl\Documents\PythonDevelopment\FortyNinersDevelopment\49ersMusicLibrary\2017 Spring\PDFs\Repertoire,SwinginWithTheSaints_SATB_Hayes.pdf,S A T B,SATB,pdf,PDF,2023-02-13,"Spring,"
B,C:\Users\ggivl\Documents\PythonDevelopment\FortyNinersDevelopment\49ersMusicLibrary\2017 Spring\PDFs\ShowMusic,BabyMine_Solo_Churchill.pdf,Solo,UNKNOWN,pdf,PDF,2023-02-13,"Spring,"
D,C:\Users\ggivl\Documents\PythonDevelopment\FortyNinersDevelopment\49ersMusicLibrary\2017 Spring\PDFs\ShowMusic,DisneySpectacular.pdf,pdf,UNKNOWN,UNKNOWN,PDF,2023-02-13,"Spring,"
T,C:\Users\ggivl\Documents\PythonDevelopment\FortyNinersDevelopment\49ersMusicLibrary\2017 Spring\PDFs\ShowMusic,TheTikiTikiTikiRoom_Solo_Sherman.pdf,Solo,UNKNOWN,pdf,PDF,2023-02-13,"Spring,"
Y,C:\Users\ggivl\Documents\PythonDevelopment\FortyNinersDevelopment\49ersMusicLibrary\2017 Spring\PDFs\ShowMusic,YOHOAPiratesLifeForMe_SATB_Givler.pdf,S A T B,SATB,pdf,PDF,2023-02-13,"Spring,"
Y,C:\Users\ggivl\Documents\PythonDevelopment\FortyNinersDevelopment\49ersMusicLibrary\2017 Spring\PDFs\ShowMusic,YoHoAPiratesLifeForMe_Solo_Bruns.pdf,Solo,UNKNOWN,pdf,PDF,2023-02-13,"Spring,"
D,C:\Users\ggivl\Documents\PythonDevelopment\FortyNinersDevelopment\49ersMusicLibrary\2017 Spring\PDFs,dear_john.pdf,john,UNKNOWN,UNKNOWN,PDF,2023-02-13,"Spring,"
S,C:\Users\ggivl\Documents\PythonDevelopment\FortyNinersDevelopment\49ersMusicLibrary\2017 Spring\Scores,seal lullaby SATB.pdf,lullaby,SATB,pdf,PDF,2023-02-13,"Spring,"
E,C:\Users\ggivl\Documents\PythonDevelopment\FortyNinersDevelopment\49ersMusicLibrary\2018 Christmas,49ers 2018 Christmas Music - Rehearsal Schedule Fall 2018 Aug - Oct.pdf,2018,SA,Music,PDF,2023-02-13,"Christmas,"
E,C:\Users\ggivl\Documents\PythonDevelopment\FortyNinersDevelopment\49ersMusicLibrary\2018 Christmas,49ers 2018 Christmas Music - Solo Measures List.pdf,2018,UNKNOWN,Music,PDF,2023-02-13,"Christmas,"
E,C:\Users\ggivl\Documents\PythonDevelopment\FortyNinersDevelopment\49ersMusicLibrary\2018 Christmas\PDFs,E_ElfsLament_BarenakedLadies_3Part_Leadsheet - Score.pdf,Elfs Lament,UNKNOWN,3Part,PDF,2023-02-13,"Christmas,"
C,C:\Users\ggivl\Documents\PythonDevelopment\FortyNinersDevelopment\49ersMusicLibrary\2018 Christmas\PDFs\FirstHalfMusic,C_CanticleOfMary_SSA_Givler.pdf,Canticle Of Mary,SA,Givler,PDF,2023-02-13,"Christmas,"
C,C:\Users\ggivl\Documents\PythonDevelopment\FortyNinersDevelopment\49ersMusicLibrary\2018 Christmas\PDFs\FirstHalfMusic,C_CarolOfTheBells_SATB_Leontovich_Wilhousky.pdf,Carol Of The Bells,SATB,Leontovich,PDF,2023-02-13,"Christmas,"
D,C:\Users\ggivl\Documents\PythonDevelopment\FortyNinersDevelopment\49ersMusicLibrary\2018 Christmas\PDFs\FirstHalfMusic,D_DeckThHallsIn7-8_Traditional_McKelvy.pdf,Deck Th Halls In7-8,UNKNOWN,McKelvy,PDF,2023-02-13,"Christmas,"
H,C:\Users\ggivl\Documents\PythonDevelopment\FortyNinersDevelopment\49ersMusicLibrary\2018 Christmas\PDFs\FirstHalfMusic,H_TheHuronCarol_SATB_Forrest.pdf,The Huron Carol,SATB,Forrest,PDF,2023-02-13,"Christmas,"
I,C:\Users\ggivl\Documents\PythonDevelopment\FortyNinersDevelopment\49ersMusicLibrary\2018 Christmas\PDFs\FirstHalfMusic,I_ItsBeginingToLookLikeChristmas_SATB_Wilson_Hayes.pdf,Its Begining To Look Like Christmas,SATB,Wilson,PDF,2023-02-13,"Christmas,"
I,C:\Users\ggivl\Documents\PythonDevelopment\FortyNinersDevelopment\49ersMusicLibrary\2018 Christmas\PDFs\FirstHalfMusic,I_ItsChristmasAgain_SATB_Clydesdale.pdf,Its Christmas Again,SATB,Clydesdale,PDF,2023-02-13,"Christmas,"
J,C:\Users\ggivl\Documents\PythonDevelopment\FortyNinersDevelopment\49ersMusicLibrary\2018 Christmas\PDFs\FirstHalfMusic,J_JosephsLullaby_TBB_Givler.pdf,Josephs Lullaby,TB,Givler,PDF,2023-02-13,"Christmas,"
L,C:\Users\ggivl\Documents\PythonDevelopment\FortyNinersDevelopment\49ersMusicLibrary\2018 Christmas\PDFs\FirstHalfMusic,L_LullayMyLiking_SATB_Holst.pdf,Lullay My Liking,SATB,Holst,PDF,2023-02-13,"Christmas,"
M,C:\Users\ggivl\Documents\PythonDevelopment\FortyNinersDevelopment\49ersMusicLibrary\2018 Christmas\PDFs\FirstHalfMusic,M_A_Merry_Christmas_Truncated_SATB_Warrell.pdf,A,SATB,Christmas,PDF,2023-02-13,"Christmas,"
S,C:\Users\ggivl\Documents\PythonDevelopment\FortyNinersDevelopment\49ersMusicLibrary\2018 Christmas\PDFs\FirstHalfMusic,S_ASwinginChristmas_SATB_Althouse.pdf,A Swingin Christmas,SATB,Althouse,PDF,2023-02-13,"Christmas,"
W,C:\Users\ggivl\Documents\PythonDevelopment\FortyNinersDevelopment\49ersMusicLibrary\2018 Christmas\PDFs\FirstHalfMusic,W_WhileShepherdsWatchedTheirFlocks_SATB_Courtney.pdf,While Shepherds Watched Their Flocks,SATB,Courtney,PDF,2023-02-13,"Christmas,"
I,C:\Users\ggivl\Documents\PythonDevelopment\FortyNinersDevelopment\49ersMusicLibrary\2018 Christmas\PDFs,I_Its_The_Hard-Knock_Life_Solo_Strouse.pdf,Its,UNKNOWN,Hard-Knock,PDF,2023-02-13,"Christmas,"
J,C:\Users\ggivl\Documents\PythonDevelopment\FortyNinersDevelopment\49ersMusicLibrary\2018 Christmas\PDFs,Josephs_Lullaby_Orig.pdf,Lullaby,UNKNOWN,pdf,PDF,2023-02-13,"Christmas,"
J,C:\Users\ggivl\Documents\PythonDevelopment\FortyNinersDevelopment\49ersMusicLibrary\2018 Christmas\PDFs,Josephs_Lullaby_Solo.pdf,Lullaby,UNKNOWN,pdf,PDF,2023-02-13,"Christmas,"
E,C:\Users\ggivl\Documents\PythonDevelopment\FortyNinersDevelopment\49ersMusicLibrary\2018 Christmas\PDFs\ShowMusic,E_ElfsLament_Solos_SATB_Givler - Score.pdf,Elfs Lament,SATB,SATB,PDF,2023-02-13,"Christmas,"
H,C:\Users\ggivl\Documents\PythonDevelopment\FortyNinersDevelopment\49ersMusicLibrary\2018 Christmas\PDFs\ShowMusic,H_Hamildolph_SATB_Solos_Rose_Givler - Score - Score.pdf,Hamildolph,SATB,Solos,PDF,2023-02-13,"Christmas,"
I,C:\Users\ggivl\Documents\PythonDevelopment\FortyNinersDevelopment\49ersMusicLibrary\2018 Christmas\PDFs\ShowMusic,I_IWantAHippopotamusForChristmas_SATB_JDSmith.pdf,I Want A Hippopotamus For Christmas,SATB,JDSmith,PDF,2023-02-13,"Christmas,"
I,C:\Users\ggivl\Documents\PythonDevelopment\FortyNinersDevelopment\49ersMusicLibrary\2018 Christmas\PDFs\ShowMusic,I_ItsAHardKnockLifeForElves_SATB_Givler.pdf,Its A Hard Knock Life For Elves,SATB,Givler,PDF,2023-02-13,"Christmas,"
L,C:\Users\ggivl\Documents\PythonDevelopment\FortyNinersDevelopment\49ersMusicLibrary\2018 Christmas\PDFs\ShowMusic,L_LeroyTheRedneckReindeer_SATB_Chinn.pdf,Leroy The Redneck Reindeer,SATB,Chinn,PDF,2023-02-13,"Christmas,"
L,C:\Users\ggivl\Documents\PythonDevelopment\FortyNinersDevelopment\49ersMusicLibrary\2018 Christmas\PDFs\ShowMusic,L_LetsHearItForMrsClaus_2Part_Brownsey_Lantz.pdf,Lets Hear It For Mrs Claus,UNKNOWN,Brownsey,PDF,2023-02-13,"Christmas,"
R,C:\Users\ggivl\Documents\PythonDevelopment\FortyNinersDevelopment\49ersMusicLibrary\2018 Christmas\PDFs\ShowMusic,R_RudolphTheRed-NosedReindeer_SATB_Huff.pdf,Rudolph The Red- Nosed Reindeer,SATB,Huff,PDF,2023-02-13,"Christmas,"
S,C:\Users\ggivl\Documents\PythonDevelopment\FortyNinersDevelopment\49ersMusicLibrary\2018 Christmas\PDFs\ShowMusic,S_SeizeTheDay_SATB_Emerson.pdf,Seize The Day,SATB,Emerson,PDF,2023-02-13,"Christmas,"
S,C:\Users\ggivl\Documents\PythonDevelopment\FortyNinersDevelopment\49ersMusicLibrary\2018 Christmas\PDFs\ShowMusic,S_SomebodyBuildAManger_SATB_Raney.pdf,Somebody Build A Manger,SATB,Raney,PDF,2023-02-13,"Christmas,"
T,C:\Users\ggivl\Documents\PythonDevelopment\FortyNinersDevelopment\49ersMusicLibrary\2018 Christmas\PDFs\ShowMusic,T_Toyland_SATB_Huff.pdf,Toyland,SATB,Huff,PDF,2023-02-13,"Christmas,"
L,C:\Users\ggivl\Documents\PythonDevelopment\FortyNinersDevelopment\49ersMusicLibrary\2018 Christmas\Scores,Legato DMC - SOMEBODY BUILD A MANGER.pdf,D M C,UNKNOWN,SOMEBODY,PDF,2023-02-13,"Christmas,"
R,C:\Users\ggivl\Documents\PythonDevelopment\FortyNinersDevelopment\49ersMusicLibrary\2018 Christmas\Scores,Right Hand Man from Hamilton - 2015 PC Score (digital).pdf,Hand,UNKNOWN,from,PDF,2023-02-13,"Christmas,"
B,C:\Users\ggivl\Documents\PythonDevelopment\FortyNinersDevelopment\49ersMusicLibrary\2018 Christmas,bp2164a_-huron_carol_quartet_score_-_score_1.pdf,-huron,UNKNOWN,quartet,PDF,2023-02-13,"Christmas,"
H,C:\Users\ggivl\Documents\PythonDevelopment\FortyNinersDevelopment\49ersMusicLibrary\2018 Christmas,huron_carol_quartet_-_cello.pdf,carol,UNKNOWN,-,PDF,2023-02-13,"Christmas,"
H,C:\Users\ggivl\Documents\PythonDevelopment\FortyNinersDevelopment\49ersMusicLibrary\2018 Christmas,huron_carol_quartet_-_percussion.pdf,carol,UNKNOWN,-,PDF,2023-02-13,"Christmas,"
H,C:\Users\ggivl\Documents\PythonDevelopment\FortyNinersDevelopment\49ersMusicLibrary\2018 Christmas,huron_carol_quartet_-_viola.pdf,carol,UNKNOWN,-,PDF,2023-02-13,"Christmas,"
H,C:\Users\ggivl\Documents\PythonDevelopment\FortyNinersDevelopment\49ersMusicLibrary\2018 Christmas,huron_carol_quartet_-_violin_i.pdf,carol,UNKNOWN,-,PDF,2023-02-13,"Christmas,"
H,C:\Users\ggivl\Documents\PythonDevelopment\FortyNinersDevelopment\49ersMusicLibrary\2018 Christmas,huron_carol_quartet_-_violin_ii.pdf,carol,UNKNOWN,-,PDF,2023-02-13,"Christmas,"
S,C:\Users\ggivl\Documents\PythonDevelopment\FortyNinersDevelopment\49ersMusicLibrary\2018 Spring,2018 Spring Semester - Rehearsal Schedule.pdf,Spring,SA,-,PDF,2023-02-13,"Spring,"
N,C:\Users\ggivl\Documents\PythonDevelopment\FortyNinersDevelopment\49ersMusicLibrary\2018 Spring\PDFs,261786193-Night-and-Day-Sinatra-pdf.pdf,pdf,UNKNOWN,UNKNOWN,PDF,2023-02-13,"Spring,"
C,C:\Users\ggivl\Documents\PythonDevelopment\FortyNinersDevelopment\49ersMusicLibrary\2018 Spring\PDFs,322978182-Cole-Porter-Night-and-Day.pdf,pdf,UNKNOWN,UNKNOWN,PDF,2023-02-13,"Spring,"
B,C:\Users\ggivl\Documents\PythonDevelopment\FortyNinersDevelopment\49ersMusicLibrary\2018 Spring\PDFs,B_Bourree_a_cappella_SATB_Swingle - Score.pdf,Bourree,SATB,cappella,PDF,2023-02-13,"Spring,"
C,C:\Users\ggivl\Documents\PythonDevelopment\FortyNinersDevelopment\49ersMusicLibrary\2018 Spring\PDFs,Circle-SATB.pdf,pdf,SATB,UNKNOWN,PDF,2023-02-13,"Spring,"
C,C:\Users\ggivl\Documents\PythonDevelopment\FortyNinersDevelopment\49ersMusicLibrary\2018 Spring\PDFs,Circle-SSAA.pdf,pdf,SA,UNKNOWN,PDF,2023-02-13,"Spring,"
D,C:\Users\ggivl\Documents\PythonDevelopment\FortyNinersDevelopment\49ersMusicLibrary\2018 Spring\PDFs,D_DoNotStandAtMyGraveAndWeep_SATB_Farnell.pdf,Do Not Stand At My Grave And Weep,SATB,Farnell,PDF,2023-02-13,"Spring,"
I,C:\Users\ggivl\Documents\PythonDevelopment\FortyNinersDevelopment\49ersMusicLibrary\2018 Spring\PDFs,IGotItFromAgnes_Scan_Lehrer.pdf,Scan,UNKNOWN,pdf,PDF,2023-02-13,"Spring,"
I,C:\Users\ggivl\Documents\PythonDevelopment\FortyNinersDevelopment\49ersMusicLibrary\2018 Spring\PDFs,IRememberItWell_Duet_Loewe.pdf,Duet,UNKNOWN,pdf,PDF,2023-02-13,"Spring,"
I,C:\Users\ggivl\Documents\PythonDevelopment\FortyNinersDevelopment\49ersMusicLibrary\2018 Spring\PDFs,I_IGotItFromAgnes_SATB_Givler - Score.pdf,I Got It From Agnes,SATB,Givler,PDF,2023-02-13,"Spring,"
I,C:\Users\ggivl\Documents\PythonDevelopment\FortyNinersDevelopment\49ersMusicLibrary\2018 Spring\PDFs,I_InstructionsToTheAudience_Soloist_Unison_Chorus_Sondheim - Score - Score.pdf,Instructions To The Audience,UNKNOWN,Unison,PDF,2023-02-13,"Spring,"
I,C:\Users\ggivl\Documents\PythonDevelopment\FortyNinersDevelopment\49ersMusicLibrary\2018 Spring\PDFs,I_InstructionsToTheAudience_Soloist_Unison_Chorus_Sondheim - Score.pdf,Instructions To The Audience,UNKNOWN,Unison,PDF,2023-02-13,"Spring,"
L,C:\Users\ggivl\Documents\PythonDevelopment\FortyNinersDevelopment\49ersMusicLibrary\2018 Spring\PDFs,LesMis_Medley_SATB_Lojesky.pdf,Medley,SATB,Lojesky,PDF,2023-02-13,"Spring,"
N,C:\Users\ggivl\Documents\PythonDevelopment\FortyNinersDevelopment\49ersMusicLibrary\2018 Spring\PDFs,N_NightAndDayWithPunctuation_SATB_Solo_Givler - Score.pdf,Night And Day With Punctuation,SATB,Solo,PDF,2023-02-13,"Spring,"
O,C:\Users\ggivl\Documents\PythonDevelopment\FortyNinersDevelopment\49ersMusicLibrary\2018 Spring\PDFs,O_OurGrandFinale_SATB_Gilpin.pdf,Our Grand Finale,SATB,Gilpin,PDF,2023-02-13,"Spring,"
P,C:\Users\ggivl\Documents\PythonDevelopment\FortyNinersDevelopment\49ersMusicLibrary\2018 Spring\PDFs,P_PleaseKindSir_TB_PDQBach.pdf,Please Kind Sir,TB,PDQBach,PDF,2023-02-13,"Spring,"
S,C:\Users\ggivl\Documents\PythonDevelopment\FortyNinersDevelopment\49ersMusicLibrary\2018 Spring\PDFs,S_StarWars_SATB_Piano_Givler - Score.pdf,Star Wars,SATB,Piano,PDF,2023-02-13,"Spring,"
S,C:\Users\ggivl\Documents\PythonDevelopment\FortyNinersDevelopment\49ersMusicLibrary\2018 Spring\PDFs,Star Wars (John Williams is the Man).pdf,Wars,UNKNOWN,Williams,PDF,2023-02-13,"Spring,"
T,C:\Users\ggivl\Documents\PythonDevelopment\FortyNinersDevelopment\49ersMusicLibrary\2018 Spring\PDFs,TUMS_El_Grillo_1_0.pdf,El,UNKNOWN,1,PDF,2023-02-13,"Spring,"
T,C:\Users\ggivl\Documents\PythonDevelopment\FortyNinersDevelopment\49ersMusicLibrary\2018 Spring\PDFs,T_TaylorAResponse_Solo_TTB_Givler - Score.pdf,Taylor A Response,TB,TTB,PDF,2023-02-13,"Spring,"
T,C:\Users\ggivl\Documents\PythonDevelopment\FortyNinersDevelopment\49ersMusicLibrary\2018 Spring\PDFs,T_TaylorTheLatteBoy_SSA_Huff.pdf,Taylor The Latte Boy,SA,Huff,PDF,2023-02-13,"Spring,"
T,C:\Users\ggivl\Documents\PythonDevelopment\FortyNinersDevelopment\49ersMusicLibrary\2018 Spring\PDFs,Taylor-the-Latte-Boy-A-Response.pdf,pdf,UNKNOWN,UNKNOWN,PDF,2023-02-13,"Spring,"
T,C:\Users\ggivl\Documents\PythonDevelopment\FortyNinersDevelopment\49ersMusicLibrary\2018 Spring\PDFs,TaylorTheLatteBoy_SSA_Huff.pdf,S S A,SA,pdf,PDF,2023-02-13,"Spring,"
T,C:\Users\ggivl\Documents\PythonDevelopment\FortyNinersDevelopment\49ersMusicLibrary\2018 Spring\PDFs,TheArgument_SATB_Nesta.pdf,S A T B,SATB,pdf,PDF,2023-02-13,"Spring,"
T,C:\Users\ggivl\Documents\PythonDevelopment\FortyNinersDevelopment\49ersMusicLibrary\2018 Spring\PDFs,TheVaticanRag_Scan_Lehrer.pdf,Scan,UNKNOWN,pdf,PDF,2023-02-13,"Spring,"
V,C:\Users\ggivl\Documents\PythonDevelopment\FortyNinersDevelopment\49ersMusicLibrary\2018 Spring\PDFs,V_TheVaticanRag_SATB_Givler - Score.pdf,The Vatican Rag,SATB,Givler,PDF,2023-02-13,"Spring,"
W,C:\Users\ggivl\Documents\PythonDevelopment\FortyNinersDevelopment\49ersMusicLibrary\2018 Spring\PDFs,W_WillTheCircleBeUnbroken_SATB_Moore_Givler - Score.pdf,Will The Circle Be Unbroken,SATB,Moore,PDF,2023-02-13,"Spring,"
D,C:\Users\ggivl\Documents\PythonDevelopment\FortyNinersDevelopment\49ersMusicLibrary\2018 Spring\PDFs,dear_john.pdf,john,UNKNOWN,UNKNOWN,PDF,2023-02-13,"Spring,"
S,C:\Users\ggivl\Documents\PythonDevelopment\FortyNinersDevelopment\49ersMusicLibrary\2018 Spring,Spring2018TabIndex.pdf,pdf,UNKNOWN,UNKNOWN,PDF,2023-02-13,"Spring,"
E,C:\Users\ggivl\Documents\PythonDevelopment\FortyNinersDevelopment\49ersMusicLibrary\2019 Christmas,49ers 2019 Christmas Music - Fall 2019 Rehearsal Schedule - 2019-Aug-19 (1).pdf,2019,SA,Music,PDF,2019-11-29,"Christmas,"
B,C:\Users\ggivl\Documents\PythonDevelopment\FortyNinersDevelopment\49ersMusicLibrary\2019 Christmas,B_TheBellsOfChristmas_SATB_Thompson.pdf,The Bells Of Christmas,SATB,Thompson,PDF,2019-11-29,"Christmas,"
C,C:\Users\ggivl\Documents\PythonDevelopment\FortyNinersDevelopment\49ersMusicLibrary\2019 Christmas,C_ChristmasEveryDay_Solo_Archuleta.pdf,Christmas Every Day,UNKNOWN,Archuleta,PDF,2019-11-29,"Christmas,"
C,C:\Users\ggivl\Documents\PythonDevelopment\FortyNinersDevelopment\49ersMusicLibrary\2019 Christmas,ChristmasEveryday_Piano_Vocal.pdf,Piano,UNKNOWN,pdf,PDF,2019-11-29,"Christmas,"
D,C:\Users\ggivl\Documents\PythonDevelopment\FortyNinersDevelopment\49ersMusicLibrary\2019 Christmas,D_DidTheStarsHoldTheirBreath_SATB_Violin_Rouse.pdf,Did The Stars Hold Their Breath,SATB,Violin,PDF,2019-11-29,"Christmas,"
F,C:\Users\ggivl\Documents\PythonDevelopment\FortyNinersDevelopment\49ersMusicLibrary\2019 Christmas\DrumParts,FestivalOfCarols_Snare.pdf,Snare,UNKNOWN,UNKNOWN,PDF,2019-12-05,"Christmas,"
M,C:\Users\ggivl\Documents\PythonDevelopment\FortyNinersDevelopment\49ersMusicLibrary\2019 Christmas\DrumParts,MeleKalikimaka_Drumset.pdf,Drumset,UNKNOWN,UNKNOWN,PDF,2019-12-05,"Christmas,"
B,C:\Users\ggivl\Documents\PythonDevelopment\FortyNinersDevelopment\49ersMusicLibrary\2019 Christmas\FirstHalfMusic,B_BellsOfChristmas_SATB_Newan.pdf,Bells Of Christmas,SATB,Newan,PDF,2019-11-29,"Christmas,"
B,C:\Users\ggivl\Documents\PythonDevelopment\FortyNinersDevelopment\49ersMusicLibrary\2019 Christmas\FirstHalfMusic,B_TheBellsOfChristmas_SATB_Newan_Revised.pdf,The Bells Of Christmas,SATB,Newan,PDF,2019-11-29,"Christmas,"
C,C:\Users\ggivl\Documents\PythonDevelopment\FortyNinersDevelopment\49ersMusicLibrary\2019 Christmas\FirstHalfMusic,C_AChristmasAuldLangSyne_TTBB_Weirick.pdf,A Christmas Auld Lang Syne,SA,Weirick,PDF,2019-11-29,"Christmas,"
C,C:\Users\ggivl\Documents\PythonDevelopment\FortyNinersDevelopment\49ersMusicLibrary\2019 Christmas\FirstHalfMusic,C_ComeFollowTheStar_3Part_Strid.pdf,Come Follow The Star,UNKNOWN,Strid,PDF,2019-11-29,"Christmas,"
C,C:\Users\ggivl\Documents\PythonDevelopment\FortyNinersDevelopment\49ersMusicLibrary\2019 Christmas\FirstHalfMusic,C_TheChristmasSong_SATB_Snyder.pdf,The Christmas Song,SATB,Snyder,PDF,2019-11-29,"Christmas,"
F,C:\Users\ggivl\Documents\PythonDevelopment\FortyNinersDevelopment\49ersMusicLibrary\2019 Christmas\FirstHalfMusic,F_TheFirstNoel_SATB_Forrest.pdf,The First Noel,SATB,Forrest,PDF,2019-11-29,"Christmas,"
G,C:\Users\ggivl\Documents\PythonDevelopment\FortyNinersDevelopment\49ersMusicLibrary\2019 Christmas\FirstHalfMusic,G_TheGift_SSA_Snyder.pdf,The Gift,SA,Snyder,PDF,2019-11-29,"Christmas,"
M,C:\Users\ggivl\Documents\PythonDevelopment\FortyNinersDevelopment\49ersMusicLibrary\2019 Christmas\FirstHalfMusic,M__AMerryChristmas-oparen-Truncated-cparen-SATB_Warrel.pdf,,SATB,Warrel,PDF,2019-11-29,"Christmas,"
W,C:\Users\ggivl\Documents\PythonDevelopment\FortyNinersDevelopment\49ersMusicLibrary\2019 Christmas\FirstHalfMusic,W_TheWordWasGod_SATB_Piano_Powell.pdf,The Word Was God,SATB,Piano,PDF,2019-11-29,"Christmas,"
G,C:\Users\ggivl\Documents\PythonDevelopment\FortyNinersDevelopment\49ersMusicLibrary\2019 Christmas,Gerometta+Hamilton+Baby+Shark (1).pdf,(1),UNKNOWN,UNKNOWN,PDF,2019-11-29,"Christmas,"
L,C:\Users\ggivl\Documents\PythonDevelopment\FortyNinersDevelopment\49ersMusicLibrary\2019 Christmas,Let+us+Drink+and+be+Merry+-+Octavo+-+Perusal.pdf,pdf,SA,UNKNOWN,PDF,2019-11-29,"Christmas,"
O,C:\Users\ggivl\Documents\PythonDevelopment\FortyNinersDevelopment\49ersMusicLibrary\2019 Christmas,O+Come+All+Ye+Faithful+-+Octavo+-+Perusal.pdf,pdf,SA,UNKNOWN,PDF,2019-11-29,"Christmas,"
C,C:\Users\ggivl\Documents\PythonDevelopment\FortyNinersDevelopment\49ersMusicLibrary\2019 Christmas\SecondHalfMusic,C_ChristmasEveryDay_SAATBB_Givler.pdf,Christmas Every Day,SA,Givler,PDF,2019-11-29,"Christmas,"
C,C:\Users\ggivl\Documents\PythonDevelopment\FortyNinersDevelopment\49ersMusicLibrary\2019 Christmas\SecondHalfMusic,C_TheClosingOfTheYear_SATB_ Givler.pdf,The Closing Of The Year,SATB,,PDF,2019-11-29,"Christmas,"
L,C:\Users\ggivl\Documents\PythonDevelopment\FortyNinersDevelopment\49ersMusicLibrary\2019 Christmas\SecondHalfMusic,L_LetItSnow-exclaim-LetItSnow-exclaim-LetItSnow-exclaim-_SATB_Hayes.pdf,Let It Snow-exclaim- Let It Snow-exclaim- Let It Snow-exclaim-,SATB,Hayes,PDF,2019-11-29,"Christmas,"
M,C:\Users\ggivl\Documents\PythonDevelopment\FortyNinersDevelopment\49ersMusicLibrary\2019 Christmas\SecondHalfMusic,M_MeleKalikimaka_SATB_Althouse.pdf,Mele Kalikimaka,SATB,Althouse,PDF,2019-11-29,"Christmas,"
W,C:\Users\ggivl\Documents\PythonDevelopment\FortyNinersDevelopment\49ersMusicLibrary\2019 Christmas\SecondHalfMusic,W_WillYouBeHereInDecember_SATB_Givler.pdf,Will You Be Here In December,SATB,Givler,PDF,2019-11-29,"Christmas,"
S,C:\Users\ggivl\Documents\PythonDevelopment\FortyNinersDevelopment\49ersMusicLibrary\2019 Christmas,SnowMiser_SheetMusic.pdf,Sheet Music,UNKNOWN,UNKNOWN,PDF,2019-11-29,"Christmas,"
M,C:\Users\ggivl\Documents\PythonDevelopment\FortyNinersDevelopment\49ersMusicLibrary\2019 Spring,20190121_M2535dn_Status_Page.pdf,M2535dn,UNKNOWN,Page,PDF,2023-02-13,"Spring,"
E,C:\Users\ggivl\Documents\PythonDevelopment\FortyNinersDevelopment\49ersMusicLibrary\2019 Spring,20190310 49ers 2019 Spring Music - 2019 Spring Schedule (4).pdf,49ers,UNKNOWN,Spring,PDF,2023-02-13,"Spring,"
J,C:\Users\ggivl\Documents\PythonDevelopment\FortyNinersDevelopment\49ersMusicLibrary\2019 Spring\2019_Spring,11-Jump-Shout.pdf,pdf,UNKNOWN,UNKNOWN,PDF,2023-02-13,"Spring,"
L,C:\Users\ggivl\Documents\PythonDevelopment\FortyNinersDevelopment\49ersMusicLibrary\2019 Spring\2019_Spring,20190306_Lorenz_Music_Receipt.pdf,Lorenz,UNKNOWN,Receipt,PDF,2023-02-13,"Spring,"
A,C:\Users\ggivl\Documents\PythonDevelopment\FortyNinersDevelopment\49ersMusicLibrary\2019 Spring\2019_Spring,A_Alleluia-exclaim-Alleluia-exclaim-paren-PraiseTheLord-exclaim-YeHeavens-comma-AdoreHim-paren-SATB_Brass_McDonald.pdf,Alleluia-exclaim- Alleluia-exclaim-paren- Praise The Lord-exclaim- Ye Heavens-comma- Adore Him-paren- S A T B,SATB,McDonald,PDF,2023-02-13,"Spring,"
A,C:\Users\ggivl\Documents\PythonDevelopment\FortyNinersDevelopment\49ersMusicLibrary\2019 Spring\2019_Spring,A_Alleluia-exclaim-GiveThanksToTheRisenLord_SATB_Trumpet_Raney.pdf,Alleluia-exclaim- Give Thanks To The Risen Lord,SATB,Trumpet,PDF,2023-02-13,"Spring,"
A,C:\Users\ggivl\Documents\PythonDevelopment\FortyNinersDevelopment\49ersMusicLibrary\2019 Spring\2019_Spring,Alleluia Alleluia Praise the Lord Ye Heavens Adore Him - Instrumental Parts.pdf,Alleluia,UNKNOWN,the,PDF,2023-02-13,"Spring,"
B,C:\Users\ggivl\Documents\PythonDevelopment\FortyNinersDevelopment\49ersMusicLibrary\2019 Spring\2019_Spring,B_TheBodyOFChrist_SATB_Cantata_Choplin.pdf,The Body O F Christ,SATB,Cantata,PDF,2023-02-13,"Spring,"
H,C:\Users\ggivl\Documents\PythonDevelopment\FortyNinersDevelopment\49ersMusicLibrary\2019 Spring\2019_Spring,H_HeWillCarryMe_SATB_somebody.pdf,He Will Carry Me,SATB,somebody,PDF,2023-02-13,"Spring,"
P,C:\Users\ggivl\Documents\PythonDevelopment\FortyNinersDevelopment\49ersMusicLibrary\2019 Spring\2019_Spring,P_ThePlansIHaveForYou_SATB_Pote.pdf,The Plans I Have For You,SATB,Pote,PDF,2023-02-13,"Spring,"
S,C:\Users\ggivl\Documents\PythonDevelopment\FortyNinersDevelopment\49ersMusicLibrary\2019 Spring\2019_Spring,S_Sunday-apos-sPalmsAreWednesday-apos-sAshes_SATB_Givler.pdf,Sunday-apos-s Palms Are Wednesday-apos-s Ashes,SATB,Givler,PDF,2023-02-13,"Spring,"
S,C:\Users\ggivl\Documents\PythonDevelopment\FortyNinersDevelopment\49ersMusicLibrary\2019 Spring\2019_Spring,ShepherdMeOGod_Solo_Hayes.pdf,Solo,UNKNOWN,pdf,PDF,2023-02-13,"Spring,"
W,C:\Users\ggivl\Documents\PythonDevelopment\FortyNinersDevelopment\49ersMusicLibrary\2019 Spring\2019_Spring,Winnie Ille Pu.pdf,Ille,UNKNOWN,pdf,PDF,2023-02-13,"Spring,"
E,C:\Users\ggivl\Documents\PythonDevelopment\FortyNinersDevelopment\49ersMusicLibrary\2019 Spring,49ers 2019 Spring Music - 2019 Spring Schedule (2).pdf,2019,UNKNOWN,Music,PDF,2023-02-13,"Spring,"
E,C:\Users\ggivl\Documents\PythonDevelopment\FortyNinersDevelopment\49ersMusicLibrary\2019 Spring,49ers 2019 Spring Music - 2019 Spring Schedule.pdf,2019,UNKNOWN,Music,PDF,2023-02-13,"Spring,"
E,C:\Users\ggivl\Documents\PythonDevelopment\FortyNinersDevelopment\49ersMusicLibrary\2019 Spring,49ers 2019 Spring Music - Schedule.pdf,2019,UNKNOWN,Music,PDF,2023-02-13,"Spring,"
E,C:\Users\ggivl\Documents\PythonDevelopment\FortyNinersDevelopment\49ersMusicLibrary\2019 Spring,49ers_Spring_2019_TOC.pdf,Spring,UNKNOWN,TOC,PDF,2023-02-13,"Spring,"
A,C:\Users\ggivl\Documents\PythonDevelopment\FortyNinersDevelopment\49ersMusicLibrary\2019 Spring\PDFs,A_AnythingYouCanDo_2-Part_Kerr.pdf,Anything You Can Do,UNKNOWN,Kerr,PDF,2023-02-13,"Spring,"
F,C:\Users\ggivl\Documents\PythonDevelopment\FortyNinersDevelopment\49ersMusicLibrary\2019 Spring\PDFs,F_FromNowOn_SATB_Emerson.pdf,From Now On,SATB,Emerson,PDF,2023-02-13,"Spring,"
L,C:\Users\ggivl\Documents\PythonDevelopment\FortyNinersDevelopment\49ersMusicLibrary\2019 Spring\PDFs,L_LoveIsAnOpenDoor_SATB_Huff.pdf,Love Is An Open Door,SATB,Huff,PDF,2023-02-13,"Spring,"
L,C:\Users\ggivl\Documents\PythonDevelopment\FortyNinersDevelopment\49ersMusicLibrary\2019 Spring\PDFs,LennonAndMcCartneyForMen_TBB_NoTitle.pdf,T B B,TB,pdf,PDF,2023-02-13,"Spring,"
M,C:\Users\ggivl\Documents\PythonDevelopment\FortyNinersDevelopment\49ersMusicLibrary\2019 Spring\PDFs,M_MyGirl-slash-MyGuy_SATB_Lojeski.pdf,My Girl-slash- My Guy,SATB,Lojeski,PDF,2023-02-13,"Spring,"
O,C:\Users\ggivl\Documents\PythonDevelopment\FortyNinersDevelopment\49ersMusicLibrary\2019 Spring\PDFs,O_OnlyUs_Duet_Eb.pdf,Only Us,UNKNOWN,Eb,PDF,2023-02-13,"Spring,"
O,C:\Users\ggivl\Documents\PythonDevelopment\FortyNinersDevelopment\49ersMusicLibrary\2019 Spring\PDFs,O_OnlyUs_Duet_Paul_Lacamoire.pdf,Only Us,UNKNOWN,Paul,PDF,2023-02-13,"Spring,"
O,C:\Users\ggivl\Documents\PythonDevelopment\FortyNinersDevelopment\49ersMusicLibrary\2019 Spring\PDFs,Only Us - Eb Major - MN0174554_D3.pdf,Us,UNKNOWN,Eb,PDF,2023-02-13,"Spring,"
S,C:\Users\ggivl\Documents\PythonDevelopment\FortyNinersDevelopment\49ersMusicLibrary\2019 Spring\PDFs,S_SomebodyToLove_SATB_Emerson.pdf,Somebody To Love,SATB,Emerson,PDF,2023-02-13,"Spring,"
S,C:\Users\ggivl\Documents\PythonDevelopment\FortyNinersDevelopment\49ersMusicLibrary\2019 Spring\PDFs,S_SweetCaoline_SATB_Shaw.pdf,Sweet Caoline,SATB,Shaw,PDF,2023-02-13,"Spring,"
S,C:\Users\ggivl\Documents\PythonDevelopment\FortyNinersDevelopment\49ersMusicLibrary\2019 Spring\PDFs,S_TheShoopShoopSong_SSA_Emerson.pdf,The Shoop Shoop Song,SA,Emerson,PDF,2023-02-13,"Spring,"
Y,C:\Users\ggivl\Documents\PythonDevelopment\FortyNinersDevelopment\49ersMusicLibrary\2019 Spring\PDFs,Y_YouCan-apos-tHurryLove_SATB_Givler.pdf,You Can-apos-t Hurry Love,SATB,Givler,PDF,2023-02-13,"Spring,"
Y,C:\Users\ggivl\Documents\PythonDevelopment\FortyNinersDevelopment\49ersMusicLibrary\2019 Spring\PDFs,You Cant Hurry Love.pdf,Cant,UNKNOWN,Love,PDF,2023-02-13,"Spring,"
A,C:\Users\ggivl\Documents\PythonDevelopment\FortyNinersDevelopment\49ersMusicLibrary\2019 Spring\Repertoire\PDFs,A_Ain-comma--aThatGoodNews_SSAATTBB_Dawson-1974.pdf,Ain-comma--a That Good News,SSAATTBB,Dawson-1974,PDF,2023-02-13,"Spring,"
A,C:\Users\ggivl\Documents\PythonDevelopment\FortyNinersDevelopment\49ersMusicLibrary\2019 Spring\Repertoire\PDFs,A_AmericaTheBeautiful_SATB_Althouse.pdf,America The Beautiful,SATB,Althouse,PDF,2023-02-13,"Spring,"
A,C:\Users\ggivl\Documents\PythonDevelopment\FortyNinersDevelopment\49ersMusicLibrary\2019 Spring\Repertoire\PDFs,Ain'aThatGoodNews.pdf,pdf,UNKNOWN,UNKNOWN,PDF,2023-02-13,"Spring,"
D,C:\Users\ggivl\Documents\PythonDevelopment\FortyNinersDevelopment\49ersMusicLibrary\2019 Spring\Repertoire\PDFs,D_DoNotStandAtMyGraveAndWeep_SATB_Farnell.pdf,Do Not Stand At My Grave And Weep,SATB,Farnell,PDF,2023-02-13,"Spring,"
G,C:\Users\ggivl\Documents\PythonDevelopment\FortyNinersDevelopment\49ersMusicLibrary\2019 Spring\Repertoire\PDFs,G_GodBlessAmerica_SATB_Boutelle.pdf,God Bless America,SATB,Boutelle,PDF,2023-02-13,"Spring,"
G,C:\Users\ggivl\Documents\PythonDevelopment\FortyNinersDevelopment\49ersMusicLibrary\2019 Spring\Repertoire\PDFs,G_GodBlessTheUSA_SATB_Schmidt.pdf,God Bless The U S A,SATB,Schmidt,PDF,2023-02-13,"Spring,"
I,C:\Users\ggivl\Documents\PythonDevelopment\FortyNinersDevelopment\49ersMusicLibrary\2019 Spring\Repertoire\PDFs,I_InTheGarden_SATB_Hayes.pdf,In The Garden,SATB,Hayes,PDF,2023-02-13,"Spring,"
L,C:\Users\ggivl\Documents\PythonDevelopment\FortyNinersDevelopment\49ersMusicLibrary\2019 Spring\Repertoire\PDFs,LetThereBePeaceOnEarth_SATB_Ades.pdf,S A T B,SATB,pdf,PDF,2023-02-13,"Spring,"
M,C:\Users\ggivl\Documents\PythonDevelopment\FortyNinersDevelopment\49ersMusicLibrary\2019 Spring\Repertoire\PDFs,M_MountainGreenery_SATB_Thompson.pdf,Mountain Greenery,SATB,Thompson,PDF,2023-02-13,"Spring,"
M,C:\Users\ggivl\Documents\PythonDevelopment\FortyNinersDevelopment\49ersMusicLibrary\2019 Spring\Repertoire\PDFs,M_MyJesus-comma-ILoveThee_SATB_Givler.pdf,My Jesus-comma- I Love Thee,SATB,Givler,PDF,2023-02-13,"Spring,"
S,C:\Users\ggivl\Documents\PythonDevelopment\FortyNinersDevelopment\49ersMusicLibrary\2019 Spring\Repertoire\PDFs,S_SwinginWithTheSaints_SATB_Hayes.pdf,Swingin With The Saints,SATB,Hayes,PDF,2023-02-13,"Spring,"
W,C:\Users\ggivl\Documents\PythonDevelopment\FortyNinersDevelopment\49ersMusicLibrary\2019 Spring\Repertoire\PDFs,W_WadeInTheWater_SATB_Hayes.pdf,Wade In The Water,SATB,Hayes,PDF,2023-02-13,"Spring,"
W,C:\Users\ggivl\Documents\PythonDevelopment\FortyNinersDevelopment\49ersMusicLibrary\2019 Spring\Repertoire\PDFs,W_WhatAWonderfulWorld_SATB_Hayes.pdf,What A Wonderful World,SATB,Hayes,PDF,2023-02-13,"Spring,"
Y,C:\Users\ggivl\Documents\PythonDevelopment\FortyNinersDevelopment\49ersMusicLibrary\2019 Spring\Repertoire\PDFs,Y_YoullNeverWalkAlone-w-ClimbEveryMountain_SATB_Hayes.pdf,Youll Never Walk Alone-w- Climb Every Mountain,SATB,Hayes,PDF,2023-02-13,"Spring,"
Y,C:\Users\ggivl\Documents\PythonDevelopment\FortyNinersDevelopment\49ersMusicLibrary\2019 Spring\Scores,YouCan'tHurryLove_Incomplete_SATB_Givler - Score.pdf,Incomplete,SATB,Givler,PDF,2023-02-13,"Spring,"
T,C:\Users\ggivl\Documents\PythonDevelopment\FortyNinersDevelopment\49ersMusicLibrary\2020 Christmas,6144-Trad-Ang.pdf,pdf,UNKNOWN,UNKNOWN,PDF,2023-02-13,"Christmas,"
L,C:\Users\ggivl\Documents\PythonDevelopment\FortyNinersDevelopment\49ersMusicLibrary\2020 Christmas,Legato DMC - A LA MODE.pdf,D M C,UNKNOWN,A,PDF,2023-02-13,"Christmas,"
S,C:\Users\ggivl\Documents\PythonDevelopment\FortyNinersDevelopment\49ersMusicLibrary\2020 Christmas,S_SantaWillFindYou_SAB_Hayes.pdf,Santa Will Find You,SAB,Hayes,PDF,2023-02-13,"Christmas,"
S,C:\Users\ggivl\Documents\PythonDevelopment\FortyNinersDevelopment\49ersMusicLibrary\2020 Christmas,S_SantaWillFindYou_SATB_Hayes.pdf,Santa Will Find You,SATB,Hayes,PDF,2023-02-13,"Christmas,"
S,C:\Users\ggivl\Documents\PythonDevelopment\FortyNinersDevelopment\49ersMusicLibrary\2020 Christmas,S_SgtPeppers_WithALittleHelpFromMyFriends_3Part_Emmerson.pdf,Sgt Peppers,UNKNOWN,3Part,PDF,2023-02-13,"Christmas,"
S,C:\Users\ggivl\Documents\PythonDevelopment\FortyNinersDevelopment\49ersMusicLibrary\2020 Christmas,SantaFe_Prologue.pdf,Prologue,SA,UNKNOWN,PDF,2023-02-13,"Christmas,"
M,C:\Users\ggivl\Documents\PythonDevelopment\FortyNinersDevelopment\49ersMusicLibrary\2020 Spring,316386126-Mary-Poppins-Score-pdf.pdf,pdf,UNKNOWN,UNKNOWN,PDF,2023-02-13,"Spring,"
B,C:\Users\ggivl\Documents\PythonDevelopment\FortyNinersDevelopment\49ersMusicLibrary\2020 Spring,326481837-Bohemian-Rhapsody-Philip-Lawson.pdf,pdf,UNKNOWN,UNKNOWN,PDF,2023-02-13,"Spring,"
L,C:\Users\ggivl\Documents\PythonDevelopment\FortyNinersDevelopment\49ersMusicLibrary\2020 Spring,Legato DMC - Ease on Down the Road.pdf,D M C,UNKNOWN,Ease,PDF,2023-02-13,"Spring,"
C,C:\Users\ggivl\Documents\PythonDevelopment\FortyNinersDevelopment\49ersMusicLibrary\2020 Spring\PDFs,C_Cabaret_SATB_Shaw.pdf,Cabaret,SATB,Shaw,PDF,2023-02-13,"Spring,"
D,C:\Users\ggivl\Documents\PythonDevelopment\FortyNinersDevelopment\49ersMusicLibrary\2020 Spring\PDFs,D_Do-dash-Re-dash-Mi_TwoPart_Brymer.pdf,Do-dash- Re-dash- Mi,UNKNOWN,Brymer,PDF,2023-02-13,"Spring,"
E,C:\Users\ggivl\Documents\PythonDevelopment\FortyNinersDevelopment\49ersMusicLibrary\2020 Spring\PDFs,E_EaseOnDownWithEverybodyRejoice_SATB_Huff.pdf,Ease On Down With Everybody Rejoice,SATB,Huff,PDF,2023-02-13,"Spring,"
F,C:\Users\ggivl\Documents\PythonDevelopment\FortyNinersDevelopment\49ersMusicLibrary\2020 Spring\PDFs,F_ForGood_SATB_Huff.pdf,For Good,SATB,Huff,PDF,2023-02-13,"Spring,"
G,C:\Users\ggivl\Documents\PythonDevelopment\FortyNinersDevelopment\49ersMusicLibrary\2020 Spring\PDFs,G_GodHelpTheOutcasts_STAB_Snyder.pdf,God Help The Outcasts,UNKNOWN,Snyder,PDF,2023-02-13,"Spring,"
M,C:\Users\ggivl\Documents\PythonDevelopment\FortyNinersDevelopment\49ersMusicLibrary\2020 Spring\PDFs,M_AMusical_SATB_Emerson.pdf,A Musical,SATB,Emerson,PDF,2023-02-13,"Spring,"
S,C:\Users\ggivl\Documents\PythonDevelopment\FortyNinersDevelopment\49ersMusicLibrary\2020 Spring\PDFs,S_SeasonsOfLove_SATB_Emerson.pdf,Seasons Of Love,SATB,Emerson,PDF,2023-02-13,"Spring,"
S,C:\Users\ggivl\Documents\PythonDevelopment\FortyNinersDevelopment\49ersMusicLibrary\2020 Spring\PDFs,S_SitDownYou-apos-reRockin-apos-TheBoat _Reduced _SATB_Huff.pdf,Sit Down You-apos-re Rockin-apos- The Boat,SATB,Reduced,PDF,2023-02-13,"Spring,"
Y,C:\Users\ggivl\Documents\PythonDevelopment\FortyNinersDevelopment\49ersMusicLibrary\2020 Spring\PDFs,Y_YouCan-apos-tStopTheBeat_SATB_Emerson.pdf,You Can-apos-t Stop The Beat,SATB,Emerson,PDF,2023-02-13,"Spring,"
W,C:\Users\ggivl\Documents\PythonDevelopment\FortyNinersDevelopment\49ersMusicLibrary\2020 Spring,william_tell_overture.pdf,tell,UNKNOWN,pdf,PDF,2023-02-13,"Spring,"
A,C:\Users\ggivl\Documents\PythonDevelopment\FortyNinersDevelopment\49ersMusicLibrary\2022 Christmas,AllIWantForChristmasIsMyTwoFrontTeeth-BASS.pdf,pdf,UNKNOWN,UNKNOWN,PDF,2022-11-26,"Christmas,"
A,C:\Users\ggivl\Documents\PythonDevelopment\FortyNinersDevelopment\49ersMusicLibrary\2022 Christmas,AllIWantForChristmasIsMyTwoFrontTeeth-DRUMS.pdf,pdf,UNKNOWN,UNKNOWN,PDF,2022-11-26,"Christmas,"
A,C:\Users\ggivl\Documents\PythonDevelopment\FortyNinersDevelopment\49ersMusicLibrary\2022 Christmas\FirstHalfMusic,A_AngelsInSeven_SATB_Kern.pdf,Angels In Seven,SATB,Kern,PDF,2022-08-25,"Christmas,"
C,C:\Users\ggivl\Documents\PythonDevelopment\FortyNinersDevelopment\49ersMusicLibrary\2022 Christmas\FirstHalfMusic,C_CartoonChristmasMedley_SATB_Beck.pdf,Cartoon Christmas Medley,SATB,Beck,PDF,2022-08-25,"Christmas,"
C,C:\Users\ggivl\Documents\PythonDevelopment\FortyNinersDevelopment\49ersMusicLibrary\2022 Christmas\FirstHalfMusic,C_ChristmasInAboutThreeMinutes_SATB_Weston.pdf,Christmas In About Three Minutes,SATB,Weston,PDF,2022-08-25,"Christmas,"
C,C:\Users\ggivl\Documents\PythonDevelopment\FortyNinersDevelopment\49ersMusicLibrary\2022 Christmas\FirstHalfMusic,C_ComeThouLongExpectedJesus_SSATB_Gawthrop.pdf,Come Thou Long Expected Jesus,SATB,Gawthrop,PDF,2022-08-25,"Christmas,"
C,C:\Users\ggivl\Documents\PythonDevelopment\FortyNinersDevelopment\49ersMusicLibrary\2022 Christmas\FirstHalfMusic,C_TheChristmasWaltz_SATB_Hayes.pdf,The Christmas Waltz,SATB,Hayes,PDF,2022-08-25,"Christmas,"
H,C:\Users\ggivl\Documents\PythonDevelopment\FortyNinersDevelopment\49ersMusicLibrary\2022 Christmas\FirstHalfMusic,H_AHollyJollyChristmas_SATB_Gilpin.pdf,A Holly Jolly Christmas,SATB,Gilpin,PDF,2022-08-25,"Christmas,"
L,C:\Users\ggivl\Documents\PythonDevelopment\FortyNinersDevelopment\49ersMusicLibrary\2022 Christmas\FirstHalfMusic,L_LoHowARoseThe Rose_SATB_HellaJohnson.pdf,Lo How A Rose The,SATB,SATB,PDF,2022-08-25,"Christmas,"
R,C:\Users\ggivl\Documents\PythonDevelopment\FortyNinersDevelopment\49ersMusicLibrary\2022 Christmas\FirstHalfMusic,R_RiseUpAndFollowThatStar_SATB_Larson.pdf,Rise Up And Follow That Star,SATB,Larson,PDF,2022-08-25,"Christmas,"
S,C:\Users\ggivl\Documents\PythonDevelopment\FortyNinersDevelopment\49ersMusicLibrary\2022 Christmas\FirstHalfMusic,S_StoppingByWoodsOnASnowyEvening_SATB_Givler.pdf,Stopping By Woods On A Snowy Evening,SATB,Givler,PDF,2022-08-25,"Christmas,"
W,C:\Users\ggivl\Documents\PythonDevelopment\FortyNinersDevelopment\49ersMusicLibrary\2022 Christmas\FirstHalfMusic,W_TheWexfordCarol_SATB_Helvey.pdf,The Wexford Carol,SATB,Helvey,PDF,2022-08-25,"Christmas,"
J,C:\Users\ggivl\Documents\PythonDevelopment\FortyNinersDevelopment\49ersMusicLibrary\2022 Christmas,"Jingle Bells Piano Sheet Music, Easy with Lyrics [PDF].pdf",Bells,UNKNOWN,Sheet,PDF,2022-12-06,"Christmas,"
R,C:\Users\ggivl\Documents\PythonDevelopment\FortyNinersDevelopment\49ersMusicLibrary\2022 Christmas,RudolphTheRedNosedReindeer.pdf,pdf,UNKNOWN,UNKNOWN,PDF,2022-12-06,"Christmas,"
A,C:\Users\ggivl\Documents\PythonDevelopment\FortyNinersDevelopment\49ersMusicLibrary\2022 Christmas\ShowMusic,A_AllIWantForChristmasIsMyTwoFrontTeeth_SSAB_Billingsley.pdf,All I Want For Christmas Is My Two Front Teeth,SAB,Billingsley,PDF,2022-08-25,"Christmas,"
H,C:\Users\ggivl\Documents\PythonDevelopment\FortyNinersDevelopment\49ersMusicLibrary\2022 Christmas\ShowMusic,H_HotChocolate_SATB_Emerson.pdf,Hot Chocolate,SATB,Emerson,PDF,2022-08-25,"Christmas,"
L,C:\Users\ggivl\Documents\PythonDevelopment\FortyNinersDevelopment\49ersMusicLibrary\2022 Christmas\ShowMusic,L_LeroyTheRedneckReindeer_STAB_Chinn.pdf,Leroy The Redneck Reindeer,UNKNOWN,Chinn,PDF,2022-08-25,"Christmas,"
R,C:\Users\ggivl\Documents\PythonDevelopment\FortyNinersDevelopment\49ersMusicLibrary\2022 Christmas\ShowMusic,R_RockinAroundTheChristmasTree_SATB_Simeone.pdf,Rockin Around The Christmas Tree,SATB,Simeone,PDF,2022-08-25,"Christmas,"
S,C:\Users\ggivl\Documents\PythonDevelopment\FortyNinersDevelopment\49ersMusicLibrary\2022 Christmas\ShowMusic,S_SantaClausIsCominToTown.pdf,Santa Claus Is Comin To Town,SA,UNKNOWN,PDF,2022-08-25,"Christmas,"
S,C:\Users\ggivl\Documents\PythonDevelopment\FortyNinersDevelopment\49ersMusicLibrary\2022 Christmas\ShowMusic,S_SleighBells_SATB_Rentz.pdf,Sleigh Bells,SATB,Rentz,PDF,2022-08-25,"Christmas,"
S,C:\Users\ggivl\Documents\PythonDevelopment\FortyNinersDevelopment\49ersMusicLibrary\2022 Christmas\ShowMusic,Santa Will Find You - Full Score.pdf,Will,SA,You,PDF,2022-08-25,"Christmas,"
T,C:\Users\ggivl\Documents\PythonDevelopment\FortyNinersDevelopment\49ersMusicLibrary\2022 Christmas\ShowMusic,T_ThirtyTwoFeetEightLittleTails_SATB.pdf,Thirty Two Feet Eight Little Tails,SATB,pdf,PDF,2022-08-25,"Christmas,"
W,C:\Users\ggivl\Documents\PythonDevelopment\FortyNinersDevelopment\49ersMusicLibrary\2022 Christmas\ShowMusic,With A Little Help From My Friends - Full Score.pdf,A,UNKNOWN,Help,PDF,2022-08-25,"Christmas,"
W,C:\Users\ggivl\Documents\PythonDevelopment\FortyNinersDevelopment\49ersMusicLibrary\2022 Christmas,WhiteChristmas.pdf,pdf,UNKNOWN,UNKNOWN,PDF,2022-12-06,"Christmas,"
A,C:\Users\ggivl\Documents\PythonDevelopment\FortyNinersDevelopment\49ersMusicLibrary\49ers_Library_Scans\A,A_AJoyousChristmasCarol_SATB_Bright.pdf,A Joyous Christmas Carol,SATB,Bright,PDF,2023-02-13,"Christmas,"
C,C:\Users\ggivl\Documents\PythonDevelopment\FortyNinersDevelopment\49ersMusicLibrary\49ers_Library_Scans\C,C_CanticleOfMary_SSA_Givler.pdf,Canticle Of Mary,SA,Givler,PDF,2023-02-13,"UNKNOWN,"
C,C:\Users\ggivl\Documents\PythonDevelopment\FortyNinersDevelopment\49ersMusicLibrary\49ers_Library_Scans\C,C_CarolOfTheBells_SATB_Leontovich_Wilhousky.pdf,Carol Of The Bells,SATB,Leontovich,PDF,2023-02-13,"UNKNOWN,"
D,C:\Users\ggivl\Documents\PythonDevelopment\FortyNinersDevelopment\49ersMusicLibrary\49ers_Library_Scans\D,D_DeckThHallsIn7-8_Traditional_McKelvy.pdf,Deck Th Halls In7-8,UNKNOWN,McKelvy,PDF,2023-02-13,"UNKNOWN,"
F,C:\Users\ggivl\Documents\PythonDevelopment\FortyNinersDevelopment\49ersMusicLibrary\49ers_Library_Scans\F,F_FanfareNoel_SATB_Wright_52.pdf,Fanfare Noel,SATB,Wright,PDF,2023-02-13,"UNKNOWN,"
F,C:\Users\ggivl\Documents\PythonDevelopment\FortyNinersDevelopment\49ersMusicLibrary\49ers_Library_Scans\F,F_FriendlyPersuasion_SATB_Boutelle_34.pdf,Friendly Persuasion,SATB,Boutelle,PDF,2023-02-13,"UNKNOWN,"
G,C:\Users\ggivl\Documents\PythonDevelopment\FortyNinersDevelopment\49ersMusicLibrary\49ers_Library_Scans\G,G_Gloria_SATB_Track.pdf,Gloria,SATB,Track,PDF,2023-02-13,"UNKNOWN,"
G,C:\Users\ggivl\Documents\PythonDevelopment\FortyNinersDevelopment\49ersMusicLibrary\49ers_Library_Scans\G,G_GloryBeToGod_SATB_Rachmaninoff.pdf,Glory Be To God,SATB,Rachmaninoff,PDF,2023-02-13,"UNKNOWN,"
G,C:\Users\ggivl\Documents\PythonDevelopment\FortyNinersDevelopment\49ersMusicLibrary\49ers_Library_Scans\G,G_GloryToGodInTheHighest_SATB_Garlick.pdf,Glory To God In The Highest,SATB,Garlick,PDF,2023-02-13,"UNKNOWN,"
G,C:\Users\ggivl\Documents\PythonDevelopment\FortyNinersDevelopment\49ersMusicLibrary\49ers_Library_Scans\G,G_GoTellItOnTheMountain_SATB_Smith.pdf,Go Tell It On The Mountain,SATB,Smith,PDF,2023-02-13,"UNKNOWN,"
G,C:\Users\ggivl\Documents\PythonDevelopment\FortyNinersDevelopment\49ersMusicLibrary\49ers_Library_Scans\G,G_GodHasGoneUpWithAShout_SATB_Klein.pdf,God Has Gone Up With A Shout,SATB,Klein,PDF,2023-02-13,"UNKNOWN,"
G,C:\Users\ggivl\Documents\PythonDevelopment\FortyNinersDevelopment\49ersMusicLibrary\49ers_Library_Scans\G,G_GoodChristianMenRejoice_SATB_Terri_48.pdf,Good Christian Men Rejoice,SATB,Terri,PDF,2023-02-13,"UNKNOWN,"
G,C:\Users\ggivl\Documents\PythonDevelopment\FortyNinersDevelopment\49ersMusicLibrary\49ers_Library_Scans\G,G_Guantanamera_SATB_Hayward.pdf,Guantanamera,SATB,Hayward,PDF,2023-02-13,"UNKNOWN,"
H,C:\Users\ggivl\Documents\PythonDevelopment\FortyNinersDevelopment\49ersMusicLibrary\49ers_Library_Scans\H,H_Hamildolph_SATB_Solos_Rose_Givler - Score - Score.pdf,Hamildolph,SATB,Solos,PDF,2023-02-13,"UNKNOWN,"
H,C:\Users\ggivl\Documents\PythonDevelopment\FortyNinersDevelopment\49ersMusicLibrary\49ers_Library_Scans\H,H_HeIsBorn_SATB_Gallina.pdf,He Is Born,SATB,Gallina,PDF,2023-02-13,"UNKNOWN,"
H,C:\Users\ggivl\Documents\PythonDevelopment\FortyNinersDevelopment\49ersMusicLibrary\49ers_Library_Scans\H,H_HernandosHideway_SATB_Stickles.pdf,Hernandos Hideway,SATB,Stickles,PDF,2023-02-13,"UNKNOWN,"
H,C:\Users\ggivl\Documents\PythonDevelopment\FortyNinersDevelopment\49ersMusicLibrary\49ers_Library_Scans\H,H_HesGoneAway_SSATBB_Clokey.pdf,Hes Gone Away,SATB,Clokey,PDF,2023-02-13,"UNKNOWN,"
I,C:\Users\ggivl\Documents\PythonDevelopment\FortyNinersDevelopment\49ersMusicLibrary\49ers_Library_Scans\I,I_IWantAHippopotamusForChristmas_SATB_JDSmith.pdf,I Want A Hippopotamus For Christmas,SATB,JDSmith,PDF,2023-02-13,"Christmas,"
I,C:\Users\ggivl\Documents\PythonDevelopment\FortyNinersDevelopment\49ersMusicLibrary\49ers_Library_Scans\I,I_ItsBeginingToLookLikeChristmas_SATB_Wilson_Hayes.pdf,Its Begining To Look Like Christmas,SATB,Wilson,PDF,2023-02-13,"Christmas,"
I,C:\Users\ggivl\Documents\PythonDevelopment\FortyNinersDevelopment\49ersMusicLibrary\49ers_Library_Scans\I,I_ItsChristmasAgain_SATB_Clydesdale.pdf,Its Christmas Again,SATB,Clydesdale,PDF,2023-02-13,"Christmas,"
K,C:\Users\ggivl\Documents\PythonDevelopment\FortyNinersDevelopment\49ersMusicLibrary\49ers_Library_Scans\K,K_KeepTheHome-firesBurning_SATB_Lucas.pdf,Keep The Home-fires Burning,SATB,Lucas,PDF,2023-02-13,"UNKNOWN,"
L,C:\Users\ggivl\Documents\PythonDevelopment\FortyNinersDevelopment\49ersMusicLibrary\49ers_Library_Scans\L,L_LaVirginLavaPaales_SATB_Shaw-Parker_46.pdf,La Virgin Lava Paales,SATB,Shaw-Parker,PDF,2023-02-13,"UNKNOWN,"
L,C:\Users\ggivl\Documents\PythonDevelopment\FortyNinersDevelopment\49ersMusicLibrary\49ers_Library_Scans\L,L_Latin-AmericanChristmasLullaby_SATB_Hunter_95.pdf,Latin- American Christmas Lullaby,SATB,Hunter,PDF,2023-02-13,"Christmas,"
L,C:\Users\ggivl\Documents\PythonDevelopment\FortyNinersDevelopment\49ersMusicLibrary\49ers_Library_Scans\L,L_LeroyTheRedneckReindeer_STAB_Chinn.pdf,Leroy The Redneck Reindeer,UNKNOWN,Chinn,PDF,2023-02-13,"UNKNOWN,"
L,C:\Users\ggivl\Documents\PythonDevelopment\FortyNinersDevelopment\49ersMusicLibrary\49ers_Library_Scans\L,L_LetsHearItForMrsClaus_2Part_Brownsey_Lantz.pdf,Lets Hear It For Mrs Claus,UNKNOWN,Brownsey,PDF,2023-02-13,"UNKNOWN,"
L,C:\Users\ggivl\Documents\PythonDevelopment\FortyNinersDevelopment\49ersMusicLibrary\49ers_Library_Scans\L,L_LullyMyLiking_SATB_Holst.pdf,Lully My Liking,SATB,Holst,PDF,2023-02-13,"UNKNOWN,"
L,C:\Users\ggivl\Documents\PythonDevelopment\FortyNinersDevelopment\49ersMusicLibrary\49ers_Library_Scans\L,L_TheLastMonthOfTheYear_SATB_Frackenpohl_57.pdf,The Last Month Of The Year,SATB,Frackenpohl,PDF,2023-02-13,"UNKNOWN,"
L,C:\Users\ggivl\Documents\PythonDevelopment\FortyNinersDevelopment\49ersMusicLibrary\49ers_Library_Scans\L,L_TheLongestTime_TTBB_Emerson.pdf,The Longest Time,TB,Emerson,PDF,2023-02-13,"UNKNOWN,"
M,C:\Users\ggivl\Documents\PythonDevelopment\FortyNinersDevelopment\49ersMusicLibrary\49ers_Library_Scans\M,M_AMerryChristmas_SATB_Warrell.pdf,A Merry Christmas,SATB,Warrell,PDF,2023-02-13,"Christmas,"
M,C:\Users\ggivl\Documents\PythonDevelopment\FortyNinersDevelopment\49ersMusicLibrary\49ers_Library_Scans\M,M_A_Merry_Christmas_Truncated_SATB_Warrell.pdf,A,SATB,Christmas,PDF,2023-02-13,"Christmas,"
R,C:\Users\ggivl\Documents\PythonDevelopment\FortyNinersDevelopment\49ersMusicLibrary\49ers_Library_Scans\R,R_RudolphTheRed-NosedReindeer_SATB_Huff.pdf,Rudolph The Red- Nosed Reindeer,SATB,Huff,PDF,2023-02-13,"UNKNOWN,"
S,C:\Users\ggivl\Documents\PythonDevelopment\FortyNinersDevelopment\49ersMusicLibrary\49ers_Library_Scans\S,S_SeizeTheDay_SATB_Emerson.pdf,Seize The Day,SATB,Emerson,PDF,2023-02-13,"UNKNOWN,"
S,C:\Users\ggivl\Documents\PythonDevelopment\FortyNinersDevelopment\49ersMusicLibrary\49ers_Library_Scans\S,S_SomebodyBuildAManger_SATB_Raney.pdf,Somebody Build A Manger,SATB,Raney,PDF,2023-02-13,"UNKNOWN,"
T,C:\Users\ggivl\Documents\PythonDevelopment\FortyNinersDevelopment\49ersMusicLibrary\49ers_Library_Scans\T,T_Toyland_SATB_Huff.pdf,Toyland,SATB,Huff,PDF,2023-02-13,"UNKNOWN,"
W,C:\Users\ggivl\Documents\PythonDevelopment\FortyNinersDevelopment\49ersMusicLibrary\49ers_Library_Scans\W,W_WhileShepherdsWatchedTheirFlocks_SATB_Courtney.pdf,While Shepherds Watched Their Flocks,SATB,Courtney,PDF,2023-02-13,"UNKNOWN,"
A,C:\Users\ggivl\Documents\PythonDevelopment\FortyNinersDevelopment\49ersMusicLibrary,APlaceInTheChoir_SATB.pdf,S A T B,SATB,UNKNOWN,PDF,2023-02-13,"UNKNOWN,"
C,C:\Users\ggivl\Documents\PythonDevelopment\FortyNinersDevelopment\49ersMusicLibrary\AdministrativeDocs,20180803_Copier_Report.pdf,Copier,UNKNOWN,pdf,PDF,2023-02-13,"UNKNOWN,"
A,C:\Users\ggivl\Documents\PythonDevelopment\FortyNinersDevelopment\49ersMusicLibrary,Alleluia-Boyce-Piano.pdf,pdf,UNKNOWN,UNKNOWN,PDF,2023-02-13,"UNKNOWN,"
A,C:\Users\ggivl\Documents\PythonDevelopment\FortyNinersDevelopment\49ersMusicLibrary,Amazing Grace.pdf,Grace,UNKNOWN,UNKNOWN,PDF,2023-02-13,"UNKNOWN,"
C,C:\Users\ggivl\Documents\PythonDevelopment\FortyNinersDevelopment\49ersMusicLibrary,Carols for 49ers.pdf,for,UNKNOWN,pdf,PDF,2023-11-12,"UNKNOWN,"
M,C:\Users\ggivl\Documents\PythonDevelopment\FortyNinersDevelopment\49ersMusicLibrary\Christmas 2023,Mary Did You Know with What Child is This EPRINT-SATB.pdf,Did,SATB,Know,PDF,2023-08-16,"Christmas,"
S,C:\Users\ggivl\Documents\PythonDevelopment\FortyNinersDevelopment\49ersMusicLibrary\Contracts,2017SrCenterContract.pdf,pdf,UNKNOWN,UNKNOWN,PDF,2023-02-13,"UNKNOWN,"
G,C:\Users\ggivl\Documents\PythonDevelopment\FortyNinersDevelopment\49ersMusicLibrary\Contracts,Greg contract 2018 2019 signed.pdf,contract,UNKNOWN,2019,PDF,2023-02-13,"UNKNOWN,"
F,C:\Users\ggivl\Documents\PythonDevelopment\FortyNinersDevelopment\49ersMusicLibrary,Finale 2014-Quick Ref_Mac.pdf,2014- Quick,UNKNOWN,Mac,PDF,2023-02-13,"UNKNOWN,"
F,C:\Users\ggivl\Documents\PythonDevelopment\FortyNinersDevelopment\49ersMusicLibrary,Franchise Hockey Manager 3 - Purchase Receipt.pdf,Hockey,UNKNOWN,3,PDF,2023-02-13,"UNKNOWN,"
A,C:\Users\ggivl\Documents\PythonDevelopment\FortyNinersDevelopment\49ersMusicLibrary\Repertoire,A_AmericaTheBeautiful_SATB_Althouse.pdf,America The Beautiful,SATB,Althouse,PDF,2023-02-13,"Repertoire,"
A,C:\Users\ggivl\Documents\PythonDevelopment\FortyNinersDevelopment\49ersMusicLibrary\Repertoire,Almighty_and_everlasting_God_Gibbons.pdf,and,UNKNOWN,God,PDF,2023-02-13,"Repertoire,"
B,C:\Users\ggivl\Documents\PythonDevelopment\FortyNinersDevelopment\49ersMusicLibrary\Repertoire,B_BeThouMyVision_SATB_Sorenson.pdf,Be Thou My Vision,SATB,Sorenson,PDF,2023-02-13,"Repertoire,"
B,C:\Users\ggivl\Documents\PythonDevelopment\FortyNinersDevelopment\49ersMusicLibrary\Repertoire,B_Bourree_a_cappella_SATB_Swingle - Score.pdf,Bourree,SATB,cappella,PDF,2023-02-13,"Repertoire,"
D,C:\Users\ggivl\Documents\PythonDevelopment\FortyNinersDevelopment\49ersMusicLibrary\Repertoire,D_DoNotStandAtMyGraveAndWeep_SATB_Farnell.pdf,Do Not Stand At My Grave And Weep,SATB,Farnell,PDF,2023-02-13,"Repertoire,"
E,C:\Users\ggivl\Documents\PythonDevelopment\FortyNinersDevelopment\49ersMusicLibrary\Repertoire,E_TheErieCanal_SATB_Hayes.pdf,The Erie Canal,SATB,Hayes,PDF,2023-02-13,"Repertoire,"
F,C:\Users\ggivl\Documents\PythonDevelopment\FortyNinersDevelopment\49ersMusicLibrary\Repertoire,F_FiftyNiftyUnitedStates_SATB_Charles.pdf,Fifty Nifty United States,SATB,Charles,PDF,2023-02-13,"Repertoire,"
F,C:\Users\ggivl\Documents\PythonDevelopment\FortyNinersDevelopment\49ersMusicLibrary\Repertoire,Fire In The Furnace037.pdf,In,UNKNOWN,Furnace037,PDF,2023-02-13,"Repertoire,"
G,C:\Users\ggivl\Documents\PythonDevelopment\FortyNinersDevelopment\49ersMusicLibrary\Repertoire,G_GodBlessAmerica_SATB_Boutelle.pdf,God Bless America,SATB,Boutelle,PDF,2023-02-13,"Repertoire,"
G,C:\Users\ggivl\Documents\PythonDevelopment\FortyNinersDevelopment\49ersMusicLibrary\Repertoire,G_GodBlessTheUSA_SATB_Schmidt.pdf,God Bless The U S A,SATB,Schmidt,PDF,2023-02-13,"Repertoire,"
L,C:\Users\ggivl\Documents\PythonDevelopment\FortyNinersDevelopment\49ersMusicLibrary\Repertoire,Legato DMC - Turn Turn Turn EPRINT.pdf,D M C,UNKNOWN,Turn,PDF,2023-02-13,"Repertoire,"
M,C:\Users\ggivl\Documents\PythonDevelopment\FortyNinersDevelopment\49ersMusicLibrary\Repertoire,M_MountainGreenery_SATB_Thompson.pdf,Mountain Greenery,SATB,Thompson,PDF,2023-02-13,"Repertoire,"
M,C:\Users\ggivl\Documents\PythonDevelopment\FortyNinersDevelopment\49ersMusicLibrary\Repertoire,M_MyJesus-comma-ILoveThee_SATB_Givler.pdf,My Jesus-comma- I Love Thee,SATB,Givler,PDF,2023-02-13,"Repertoire,"
P,C:\Users\ggivl\Documents\PythonDevelopment\FortyNinersDevelopment\49ersMusicLibrary\Repertoire,P_PeaceBeStill_SATB_Scan.pdf,Peace Be Still,SATB,Scan,PDF,2023-02-13,"Repertoire,"
S,C:\Users\ggivl\Documents\PythonDevelopment\FortyNinersDevelopment\49ersMusicLibrary\Repertoire,S_StainedGlass_SATB_Sorenson.pdf,Stained Glass,SATB,Sorenson,PDF,2023-02-13,"Repertoire,"
S,C:\Users\ggivl\Documents\PythonDevelopment\FortyNinersDevelopment\49ersMusicLibrary\Repertoire,S_SwinginWithTheSaints_SATB_Hayes.pdf,Swingin With The Saints,SATB,Hayes,PDF,2023-02-13,"Repertoire,"
S,C:\Users\ggivl\Documents\PythonDevelopment\FortyNinersDevelopment\49ersMusicLibrary\Repertoire,S_TheStarSpangledBanner_a_cappella_SATB_Kral.pdf,The Star Spangled Banner,SATB,cappella,PDF,2023-02-13,"Repertoire,"
W,C:\Users\ggivl\Documents\PythonDevelopment\FortyNinersDevelopment\49ersMusicLibrary\Repertoire,W_WadeInTheWater_SATB_Hayes.pdf,Wade In The Water,SATB,Hayes,PDF,2023-02-13,"Repertoire,"
W,C:\Users\ggivl\Documents\PythonDevelopment\FortyNinersDevelopment\49ersMusicLibrary\Repertoire,W_WhatAWonderfulWorld_SATB_Hayes.pdf,What A Wonderful World,SATB,Hayes,PDF,2023-02-13,"Repertoire,"
Y,C:\Users\ggivl\Documents\PythonDevelopment\FortyNinersDevelopment\49ersMusicLibrary\Repertoire,Y_YoullNeverWalkAlone-w-ClimbEveryMountain_SATB_Hayes.pdf,Youll Never Walk Alone-w- Climb Every Mountain,SATB,Hayes,PDF,2023-02-13,"Repertoire,"
S,C:\Users\ggivl\Documents\PythonDevelopment\FortyNinersDevelopment\49ersMusicLibrary,SightSinging_For_Auditions.pdf,For,UNKNOWN,pdf,PDF,2023-02-13,"UNKNOWN,"
P,C:\Users\ggivl\Documents\PythonDevelopment\FortyNinersDevelopment\49ersMusicLibrary,pal-ador.pdf,pdf,UNKNOWN,UNKNOWN,PDF,2023-02-13,"UNKNOWN,"
W,C:\Users\ggivl\Documents\PythonDevelopment\FortyNinersDevelopment\49ersMusicLibrary,weekly-calendar-2019-portrait-days-vertically.pdf,pdf,UNKNOWN,UNKNOWN,PDF,2023-02-13,"UNKNOWN,"
